queue_length,estimated_time,category,hour_of_day,day_of_week,is_weekend,wait_time
62,25,Transport,12,1,0,500.0
47,40,Legal,10,0,0,500.0
53,30,Identity,17,5,1,500.0
54,20,Civil Records,12,5,1,500.0
36,25,Transport,10,1,0,500.0
68,20,Civil Records,11,5,1,500.0
76,30,Identity,10,2,0,500.0
50,20,Civil Records,13,2,0,500.0
41,30,Identity,9,3,0,500.0
60,35,Finance,10,1,0,500.0
34,20,Civil Records,16,1,0,500.0
73,35,Finance,17,5,1,500.0
12,25,Transport,8,3,0,229.08707553739097
78,20,Civil Records,10,0,0,500.0
32,25,Transport,11,3,0,500.0
0,25,Transport,17,6,1,1.0
45,45,Travel,12,4,0,500.0
14,25,Transport,9,1,0,288.2993196229632
41,30,Identity,13,2,0,500.0
38,25,Transport,15,5,1,500.0
57,20,Civil Records,14,5,1,500.0
14,30,Identity,12,4,0,500.0
10,40,Legal,15,5,1,412.45412117041366
7,45,Travel,14,6,1,400.73344451978585
20,40,Legal,12,4,0,500.0
26,35,Finance,10,3,0,500.0
37,30,Identity,10,3,0,500.0
38,20,Civil Records,12,6,1,500.0
31,30,Identity,11,1,0,500.0
54,35,Finance,9,6,1,500.0
6,45,Travel,11,0,0,204.581911892189
0,30,Identity,12,3,0,1.0
9,35,Finance,9,5,1,254.50742669381393
60,45,Travel,14,1,0,500.0
69,25,Transport,9,2,0,500.0
5,40,Legal,14,1,0,294.8603792368755
32,25,Transport,12,6,1,500.0
77,35,Finance,13,2,0,500.0
47,35,Finance,13,0,0,500.0
67,35,Finance,10,1,0,500.0
73,25,Transport,16,1,0,500.0
59,30,Identity,17,6,1,500.0
15,35,Finance,16,5,1,500.0
15,30,Identity,13,5,1,500.0
56,45,Travel,8,1,0,500.0
79,30,Identity,17,4,0,500.0
8,30,Identity,14,3,0,453.6214408590191
45,45,Travel,14,6,1,500.0
12,35,Finance,16,2,0,500.0
63,45,Travel,13,6,1,500.0
28,45,Travel,15,1,0,500.0
32,45,Travel,13,4,0,500.0
16,45,Travel,14,1,0,500.0
25,45,Travel,9,6,1,500.0
78,45,Travel,8,3,0,500.0
11,20,Civil Records,8,5,1,126.78029686572089
44,45,Travel,11,0,0,500.0
5,40,Legal,17,0,0,176.07961704235515
9,45,Travel,13,5,1,500.0
46,35,Finance,8,1,0,500.0
17,30,Identity,15,1,0,500.0
32,35,Finance,11,5,1,500.0
77,45,Travel,16,4,0,500.0
67,30,Identity,12,1,0,500.0
39,45,Travel,8,1,0,500.0
78,20,Civil Records,11,4,0,500.0
43,35,Finance,13,6,1,500.0
1,40,Legal,9,0,0,23.42349856132279
37,30,Identity,12,4,0,500.0
64,20,Civil Records,11,0,0,500.0
3,20,Civil Records,15,3,0,74.26112652955514
33,40,Legal,10,2,0,500.0
31,35,Finance,16,2,0,500.0
7,20,Civil Records,17,0,0,127.97492381317261
68,20,Civil Records,9,5,1,500.0
57,40,Legal,14,2,0,500.0
56,20,Civil Records,13,5,1,500.0
27,20,Civil Records,9,1,0,489.30577585241986
71,35,Finance,11,2,0,500.0
68,20,Civil Records,16,2,0,500.0
44,40,Legal,15,6,1,500.0
56,40,Legal,8,2,0,500.0
34,20,Civil Records,17,1,0,500.0
24,40,Legal,8,6,1,500.0
38,40,Legal,11,6,1,500.0
41,30,Identity,17,3,0,500.0
56,45,Travel,17,2,0,500.0
42,40,Legal,15,3,0,500.0
56,40,Legal,15,4,0,500.0
32,45,Travel,15,1,0,500.0
57,20,Civil Records,14,6,1,500.0
40,20,Civil Records,13,4,0,500.0
46,30,Identity,14,0,0,500.0
29,35,Finance,17,3,0,500.0
26,40,Legal,16,1,0,500.0
17,30,Identity,12,6,1,420.67662521903253
39,30,Identity,12,5,1,500.0
1,40,Legal,8,4,0,39.62832387365011
37,25,Transport,13,5,1,500.0
9,20,Civil Records,14,6,1,239.81333127822987
73,40,Legal,16,4,0,500.0
22,40,Legal,8,6,1,500.0
32,25,Transport,16,1,0,500.0
9,35,Finance,9,6,1,244.14812087603633
57,20,Civil Records,10,0,0,500.0
30,30,Identity,8,2,0,500.0
20,30,Identity,17,2,0,500.0
30,30,Identity,16,3,0,500.0
16,30,Identity,9,0,0,358.2222623918611
31,35,Finance,14,5,1,500.0
24,30,Identity,10,2,0,500.0
17,35,Finance,17,2,0,500.0
79,25,Transport,13,5,1,500.0
8,35,Finance,13,4,0,443.6887145857412
25,25,Transport,8,2,0,500.0
46,35,Finance,15,3,0,500.0
21,40,Legal,13,3,0,500.0
11,35,Finance,16,0,0,330.1968985403306
73,25,Transport,16,5,1,500.0
56,35,Finance,16,0,0,500.0
21,30,Identity,11,2,0,500.0
1,20,Civil Records,9,5,1,9.832335868835358
6,35,Finance,16,4,0,238.51120292432205
39,35,Finance,9,1,0,500.0
55,25,Transport,13,2,0,500.0
23,20,Civil Records,11,2,0,500.0
45,40,Legal,11,2,0,500.0
50,25,Transport,8,2,0,500.0
18,35,Finance,12,4,0,500.0
26,20,Civil Records,9,0,0,367.67132968592796
4,40,Legal,16,1,0,199.8295315283477
17,45,Travel,16,1,0,500.0
6,45,Travel,11,4,0,230.76917189765732
44,40,Legal,9,5,1,500.0
28,45,Travel,13,3,0,500.0
73,25,Transport,8,1,0,500.0
72,25,Transport,11,4,0,500.0
41,30,Identity,9,0,0,500.0
31,25,Transport,8,4,0,500.0
72,20,Civil Records,8,4,0,500.0
57,40,Legal,9,5,1,500.0
1,25,Transport,9,4,0,27.514256118239395
16,20,Civil Records,16,1,0,300.5664435640341
80,30,Identity,9,3,0,500.0
66,30,Identity,11,4,0,500.0
34,40,Legal,9,3,0,500.0
71,20,Civil Records,8,0,0,500.0
15,35,Finance,14,2,0,500.0
22,30,Identity,17,2,0,500.0
9,35,Finance,15,5,1,367.82773211155825
78,40,Legal,12,6,1,500.0
11,45,Travel,10,0,0,500.0
38,40,Legal,10,6,1,500.0
67,40,Legal,16,0,0,500.0
58,25,Transport,17,4,0,500.0
71,35,Finance,15,6,1,500.0
31,45,Travel,16,5,1,500.0
46,20,Civil Records,17,1,0,500.0
48,35,Finance,12,1,0,500.0
23,40,Legal,12,5,1,500.0
17,35,Finance,11,5,1,500.0
26,20,Civil Records,8,4,0,472.7222267399636
21,20,Civil Records,11,0,0,500.0
40,35,Finance,14,0,0,500.0
34,40,Legal,14,0,0,500.0
53,45,Travel,8,1,0,500.0
30,35,Finance,17,0,0,500.0
75,40,Legal,9,6,1,500.0
54,35,Finance,13,5,1,500.0
14,30,Identity,14,3,0,402.1354385129018
71,40,Legal,11,4,0,500.0
71,20,Civil Records,13,6,1,500.0
74,30,Identity,10,0,0,500.0
80,40,Legal,11,6,1,500.0
51,30,Identity,15,0,0,500.0
2,25,Transport,12,4,0,102.04211591322944
55,35,Finance,17,3,0,500.0
58,30,Identity,8,6,1,500.0
53,25,Transport,16,4,0,500.0
75,25,Transport,12,3,0,500.0
68,35,Finance,8,3,0,500.0
69,40,Legal,10,5,1,500.0
45,40,Legal,16,4,0,500.0
1,25,Transport,9,4,0,25.62093128761693
22,35,Finance,11,2,0,500.0
66,20,Civil Records,14,2,0,500.0
51,30,Identity,17,2,0,500.0
72,20,Civil Records,13,6,1,500.0
72,25,Transport,11,1,0,500.0
31,30,Identity,8,6,1,500.0
79,40,Legal,8,2,0,500.0
76,35,Finance,11,2,0,500.0
59,40,Legal,8,0,0,500.0
75,30,Identity,14,6,1,500.0
35,40,Legal,15,1,0,500.0
79,35,Finance,10,1,0,500.0
24,30,Identity,13,6,1,500.0
54,35,Finance,17,3,0,500.0
58,45,Travel,13,2,0,500.0
35,30,Identity,17,4,0,500.0
1,35,Finance,8,0,0,23.669543372442323
28,40,Legal,10,5,1,500.0
1,45,Travel,17,4,0,59.161855388787835
9,40,Legal,16,5,1,446.0211616947956
38,25,Transport,8,2,0,500.0
17,45,Travel,12,0,0,500.0
71,35,Finance,15,4,0,500.0
38,30,Identity,10,5,1,500.0
24,30,Identity,15,5,1,500.0
41,20,Civil Records,16,1,0,500.0
62,45,Travel,14,1,0,500.0
69,40,Legal,16,3,0,500.0
36,40,Legal,10,5,1,500.0
58,20,Civil Records,10,5,1,500.0
79,40,Legal,15,1,0,500.0
59,35,Finance,13,0,0,500.0
13,35,Finance,13,1,0,500.0
11,35,Finance,8,4,0,263.4262672176577
10,20,Civil Records,9,3,0,222.4886962032071
6,45,Travel,13,1,0,405.82280461992394
66,35,Finance,9,2,0,500.0
62,45,Travel,13,2,0,500.0
32,20,Civil Records,9,2,0,500.0
35,30,Identity,12,3,0,500.0
32,40,Legal,11,4,0,500.0
46,40,Legal,15,1,0,500.0
74,20,Civil Records,9,4,0,500.0
55,30,Identity,15,0,0,500.0
56,40,Legal,9,3,0,500.0
64,40,Legal,16,2,0,500.0
12,40,Legal,16,2,0,411.09305064856835
72,30,Identity,15,2,0,500.0
60,45,Travel,13,1,0,500.0
37,20,Civil Records,15,3,0,500.0
38,25,Transport,12,6,1,500.0
79,35,Finance,9,3,0,500.0
7,30,Identity,14,3,0,412.27141078126107
17,45,Travel,14,5,1,500.0
74,20,Civil Records,10,3,0,500.0
28,35,Finance,16,6,1,500.0
29,30,Identity,10,4,0,500.0
2,35,Finance,13,3,0,90.4862382060663
10,20,Civil Records,11,0,0,173.48126667604456
2,25,Transport,17,0,0,65.54840776590547
14,40,Legal,17,5,1,500.0
20,20,Civil Records,15,6,1,478.95928879065013
61,35,Finance,14,5,1,500.0
72,25,Transport,9,1,0,500.0
18,25,Transport,14,6,1,500.0
77,35,Finance,16,0,0,500.0
51,35,Finance,10,5,1,500.0
70,30,Identity,14,6,1,500.0
57,25,Transport,15,4,0,500.0
6,20,Civil Records,8,1,0,89.52070217826473
14,35,Finance,11,5,1,466.36413443415415
9,40,Legal,10,6,1,301.6905550828372
75,30,Identity,12,1,0,500.0
29,30,Identity,14,3,0,500.0
57,40,Legal,9,0,0,500.0
66,20,Civil Records,10,6,1,500.0
30,25,Transport,12,1,0,500.0
54,25,Transport,13,6,1,500.0
9,30,Identity,11,4,0,264.87582501450595
21,30,Identity,13,0,0,500.0
73,45,Travel,11,1,0,500.0
80,30,Identity,11,4,0,500.0
57,45,Travel,14,4,0,500.0
29,25,Transport,10,3,0,500.0
70,35,Finance,17,6,1,500.0
37,20,Civil Records,9,1,0,385.4348140111165
21,25,Transport,11,6,1,343.4242709009452
23,30,Identity,12,3,0,500.0
1,25,Transport,14,3,0,25.639896983534207
48,45,Travel,13,6,1,500.0
27,20,Civil Records,9,2,0,489.13869636624634
8,40,Legal,16,4,0,264.98695383080315
73,30,Identity,16,0,0,500.0
30,35,Finance,9,4,0,500.0
66,30,Identity,9,6,1,500.0
16,30,Identity,9,3,0,473.1746542278629
25,45,Travel,11,0,0,500.0
27,30,Identity,11,6,1,500.0
8,45,Travel,11,6,1,320.0414688927315
3,45,Travel,15,1,0,113.65174299997956
11,20,Civil Records,16,0,0,309.7607315549391
11,45,Travel,14,6,1,500.0
10,40,Legal,11,6,1,449.03103621639684
15,45,Travel,8,1,0,500.0
36,30,Identity,15,5,1,500.0
7,25,Transport,16,5,1,193.45824382751476
57,40,Legal,16,0,0,500.0
48,40,Legal,15,6,1,500.0
14,25,Transport,13,5,1,332.9964759016829
57,45,Travel,13,0,0,500.0
30,20,Civil Records,10,3,0,497.8995668572024
77,40,Legal,14,6,1,500.0
71,25,Transport,13,0,0,500.0
7,40,Legal,11,4,0,295.4378797886479
3,20,Civil Records,11,2,0,68.01835809084994
0,45,Travel,12,2,0,1.0
59,25,Transport,11,4,0,500.0
36,25,Transport,11,4,0,500.0
39,45,Travel,9,0,0,500.0
19,45,Travel,12,5,1,500.0
1,45,Travel,16,1,0,73.87440272129678
52,30,Identity,14,5,1,500.0
35,45,Travel,8,5,1,500.0
22,25,Transport,10,2,0,433.8141584175633
35,25,Transport,12,0,0,500.0
37,35,Finance,15,4,0,500.0
56,25,Transport,14,4,0,500.0
8,45,Travel,16,2,0,418.01417841316015
18,35,Finance,11,6,1,500.0
2,20,Civil Records,11,2,0,46.06578762009327
21,25,Transport,17,3,0,500.0
22,25,Transport,13,4,0,500.0
50,25,Transport,16,6,1,500.0
41,25,Transport,14,0,0,500.0
60,30,Identity,15,1,0,500.0
56,35,Finance,10,3,0,500.0
65,30,Identity,15,1,0,500.0
77,20,Civil Records,10,6,1,500.0
75,30,Identity,12,3,0,500.0
71,40,Legal,10,0,0,500.0
33,40,Legal,10,4,0,500.0
79,45,Travel,14,6,1,500.0
3,45,Travel,11,0,0,161.41007985609204
12,45,Travel,11,4,0,500.0
50,25,Transport,13,3,0,500.0
63,45,Travel,9,4,0,500.0
31,20,Civil Records,12,6,1,500.0
7,40,Legal,10,5,1,252.76207491271452
72,25,Transport,11,1,0,500.0
3,35,Finance,10,0,0,122.16357152001567
40,30,Identity,11,2,0,500.0
37,20,Civil Records,13,5,1,500.0
65,20,Civil Records,15,0,0,500.0
9,20,Civil Records,9,1,0,110.08749815263639
12,25,Transport,10,1,0,369.7667821333073
15,25,Transport,9,4,0,344.29289728229264
26,45,Travel,14,0,0,500.0
45,30,Identity,13,2,0,500.0
20,45,Travel,13,2,0,500.0
2,30,Identity,14,1,0,87.86447107019688
64,25,Transport,11,1,0,500.0
4,25,Transport,9,1,0,107.1716779103072
63,35,Finance,15,0,0,500.0
79,40,Legal,14,2,0,500.0
37,20,Civil Records,11,6,1,500.0
16,20,Civil Records,10,0,0,314.05474564901647
65,20,Civil Records,11,4,0,500.0
48,30,Identity,10,0,0,500.0
57,45,Travel,8,1,0,500.0
70,30,Identity,10,1,0,500.0
7,40,Legal,10,6,1,268.2177238769757
2,45,Travel,11,4,0,78.555674026574
74,30,Identity,10,4,0,500.0
4,20,Civil Records,9,4,0,61.65933280257062
28,45,Travel,12,5,1,500.0
15,30,Identity,9,6,1,346.40882492467665
30,45,Travel,9,2,0,500.0
71,30,Identity,11,4,0,500.0
21,40,Legal,14,1,0,500.0
40,45,Travel,14,0,0,500.0
48,25,Transport,14,6,1,500.0
26,25,Transport,8,5,1,469.6661668009886
16,40,Legal,14,3,0,500.0
61,45,Travel,8,0,0,500.0
71,45,Travel,14,3,0,500.0
50,30,Identity,13,2,0,500.0
14,45,Travel,15,0,0,500.0
54,40,Legal,13,3,0,500.0
11,40,Legal,17,4,0,500.0
27,35,Finance,13,0,0,500.0
5,20,Civil Records,14,5,1,121.7924764952449
17,40,Legal,14,2,0,500.0
25,25,Transport,17,6,1,500.0
34,20,Civil Records,9,4,0,500.0
42,45,Travel,11,5,1,500.0
14,20,Civil Records,12,3,0,411.7366392441044
75,35,Finance,14,0,0,500.0
50,20,Civil Records,16,1,0,500.0
24,30,Identity,10,2,0,500.0
19,20,Civil Records,11,2,0,259.776848424844
76,25,Transport,16,6,1,500.0
32,25,Transport,13,0,0,500.0
20,35,Finance,11,6,1,500.0
72,40,Legal,10,0,0,500.0
4,30,Identity,9,2,0,81.32263755143921
32,40,Legal,13,2,0,500.0
41,20,Civil Records,11,2,0,500.0
56,45,Travel,17,2,0,500.0
50,20,Civil Records,13,2,0,500.0
28,25,Transport,12,1,0,500.0
61,40,Legal,14,3,0,500.0
35,30,Identity,13,6,1,500.0
7,20,Civil Records,12,1,0,201.10642269502057
51,45,Travel,9,2,0,500.0
15,30,Identity,14,0,0,500.0
58,20,Civil Records,11,3,0,500.0
68,40,Legal,11,1,0,500.0
43,40,Legal,16,2,0,500.0
13,45,Travel,9,1,0,500.0
55,35,Finance,11,5,1,500.0
9,40,Legal,13,6,1,286.69755266520343
24,30,Identity,15,3,0,500.0
64,40,Legal,16,4,0,500.0
49,35,Finance,13,0,0,500.0
8,25,Transport,12,5,1,289.6214210522927
10,40,Legal,11,1,0,354.10198890323665
79,35,Finance,16,3,0,500.0
24,45,Travel,14,5,1,500.0
80,20,Civil Records,14,3,0,500.0
58,35,Finance,13,6,1,500.0
48,45,Travel,16,4,0,500.0
24,30,Identity,10,2,0,500.0
42,20,Civil Records,10,4,0,500.0
54,35,Finance,8,3,0,500.0
29,40,Legal,15,4,0,500.0
22,30,Identity,11,2,0,500.0
48,45,Travel,15,4,0,500.0
80,40,Legal,12,0,0,500.0
6,45,Travel,15,6,1,308.23818969271497
39,30,Identity,8,6,1,500.0
11,35,Finance,8,5,1,221.07688985775184
6,35,Finance,10,5,1,193.80945772478776
66,25,Transport,14,4,0,500.0
53,30,Identity,14,4,0,500.0
6,35,Finance,10,1,0,160.7419856884079
61,40,Legal,9,1,0,500.0
26,25,Transport,9,5,1,327.19238232148524
34,30,Identity,16,6,1,500.0
80,20,Civil Records,17,2,0,500.0
74,25,Transport,14,2,0,500.0
17,25,Transport,15,4,0,329.80022162785474
37,40,Legal,8,4,0,500.0
55,30,Identity,15,5,1,500.0
15,40,Legal,16,0,0,500.0
61,45,Travel,11,5,1,500.0
48,20,Civil Records,16,2,0,500.0
55,40,Legal,17,4,0,500.0
30,40,Legal,11,3,0,500.0
34,45,Travel,17,2,0,500.0
63,25,Transport,17,0,0,500.0
56,20,Civil Records,11,0,0,500.0
64,30,Identity,13,2,0,500.0
19,35,Finance,10,1,0,500.0
66,30,Identity,14,0,0,500.0
5,45,Travel,12,0,0,236.18749800315132
44,40,Legal,13,6,1,500.0
64,25,Transport,12,5,1,500.0
32,20,Civil Records,8,6,1,487.7159049078172
40,25,Transport,15,6,1,500.0
3,45,Travel,10,6,1,144.81850857180703
62,45,Travel,10,3,0,500.0
43,45,Travel,10,5,1,500.0
59,25,Transport,17,4,0,500.0
15,35,Finance,14,1,0,500.0
74,20,Civil Records,11,1,0,500.0
65,20,Civil Records,17,6,1,500.0
71,35,Finance,12,5,1,500.0
2,30,Identity,10,0,0,46.16422208338914
60,25,Transport,12,1,0,500.0
13,45,Travel,16,0,0,500.0
79,20,Civil Records,13,4,0,500.0
63,25,Transport,10,5,1,500.0
25,25,Transport,16,4,0,500.0
53,45,Travel,8,2,0,500.0
15,35,Finance,14,6,1,500.0
46,25,Transport,8,5,1,500.0
75,45,Travel,16,4,0,500.0
25,35,Finance,17,1,0,500.0
15,30,Identity,11,0,0,500.0
14,20,Civil Records,11,2,0,318.6784031049418
42,40,Legal,8,2,0,500.0
44,40,Legal,15,5,1,500.0
71,40,Legal,17,5,1,500.0
0,20,Civil Records,16,4,0,1.0
12,30,Identity,13,5,1,355.96919117594797
54,25,Transport,8,4,0,500.0
11,30,Identity,8,2,0,342.3170056129759
75,35,Finance,10,0,0,500.0
0,40,Legal,16,1,0,1.0
75,40,Legal,10,5,1,500.0
71,45,Travel,15,4,0,500.0
31,20,Civil Records,13,2,0,500.0
63,35,Finance,16,1,0,500.0
40,40,Legal,12,1,0,500.0
54,40,Legal,10,1,0,500.0
19,35,Finance,14,4,0,500.0
58,25,Transport,16,1,0,500.0
36,45,Travel,17,3,0,500.0
22,35,Finance,13,2,0,500.0
12,40,Legal,13,0,0,500.0
0,45,Travel,16,6,1,1.0
31,25,Transport,9,4,0,500.0
13,25,Transport,8,2,0,242.0128501625339
66,40,Legal,13,4,0,500.0
22,25,Transport,15,1,0,500.0
16,25,Transport,15,3,0,500.0
59,30,Identity,10,2,0,500.0
45,25,Transport,17,0,0,500.0
3,20,Civil Records,11,0,0,70.58606841365113
37,30,Identity,14,6,1,500.0
76,30,Identity,16,3,0,500.0
80,25,Transport,11,0,0,500.0
39,25,Transport,11,6,1,500.0
41,25,Transport,17,6,1,500.0
72,25,Transport,15,6,1,500.0
70,35,Finance,16,2,0,500.0
38,20,Civil Records,10,0,0,500.0
55,20,Civil Records,9,5,1,500.0
70,25,Transport,8,4,0,500.0
72,35,Finance,11,3,0,500.0
43,20,Civil Records,15,4,0,500.0
73,25,Transport,14,1,0,500.0
58,30,Identity,17,0,0,500.0
19,30,Identity,15,5,1,500.0
39,20,Civil Records,15,0,0,500.0
26,20,Civil Records,15,2,0,500.0
68,20,Civil Records,10,6,1,500.0
76,45,Travel,11,5,1,500.0
25,20,Civil Records,16,1,0,396.03436269834776
29,25,Transport,10,2,0,500.0
44,45,Travel,14,5,1,500.0
15,30,Identity,17,6,1,339.94409223132175
77,45,Travel,14,3,0,500.0
70,35,Finance,17,0,0,500.0
14,25,Transport,9,6,1,218.39609013709682
32,45,Travel,9,2,0,500.0
59,30,Identity,17,6,1,500.0
12,20,Civil Records,16,3,0,245.9152937801495
27,30,Identity,12,1,0,500.0
24,20,Civil Records,14,0,0,500.0
51,20,Civil Records,13,3,0,500.0
59,20,Civil Records,17,5,1,500.0
23,20,Civil Records,12,6,1,500.0
16,20,Civil Records,14,3,0,500.0
70,20,Civil Records,8,6,1,500.0
33,40,Legal,12,2,0,500.0
4,45,Travel,17,5,1,221.94734040372467
30,30,Identity,16,3,0,500.0
55,20,Civil Records,9,3,0,500.0
22,30,Identity,17,3,0,500.0
20,40,Legal,16,2,0,500.0
20,25,Transport,11,2,0,500.0
22,25,Transport,13,3,0,500.0
5,35,Finance,9,4,0,144.74353491374055
70,20,Civil Records,17,3,0,500.0
78,35,Finance,15,1,0,500.0
44,35,Finance,15,2,0,500.0
41,45,Travel,8,3,0,500.0
20,35,Finance,14,6,1,500.0
68,20,Civil Records,12,4,0,500.0
77,30,Identity,11,6,1,500.0
44,30,Identity,12,1,0,500.0
53,30,Identity,13,2,0,500.0
7,45,Travel,8,1,0,307.1614883053069
74,30,Identity,12,0,0,500.0
15,25,Transport,14,4,0,415.6043378295551
53,40,Legal,11,6,1,500.0
10,25,Transport,9,6,1,164.40819629945432
51,35,Finance,10,2,0,500.0
38,40,Legal,10,6,1,500.0
74,30,Identity,15,6,1,500.0
30,40,Legal,14,2,0,500.0
46,25,Transport,11,3,0,500.0
48,40,Legal,9,6,1,500.0
24,40,Legal,8,2,0,500.0
47,25,Transport,11,1,0,500.0
71,20,Civil Records,16,1,0,500.0
0,35,Finance,9,5,1,1.0
19,20,Civil Records,16,5,1,406.5479868440528
33,25,Transport,16,3,0,500.0
19,45,Travel,9,1,0,500.0
35,40,Legal,16,1,0,500.0
67,20,Civil Records,8,0,0,500.0
75,20,Civil Records,8,0,0,500.0
23,35,Finance,10,1,0,500.0
48,45,Travel,14,0,0,500.0
19,35,Finance,13,3,0,500.0
2,45,Travel,17,5,1,66.91873171337086
57,20,Civil Records,13,1,0,500.0
27,40,Legal,11,0,0,500.0
57,20,Civil Records,13,0,0,500.0
49,45,Travel,8,5,1,500.0
8,30,Identity,16,6,1,226.4701580894573
25,30,Identity,13,3,0,500.0
64,35,Finance,10,6,1,500.0
10,20,Civil Records,15,6,1,151.842743269157
16,25,Transport,16,4,0,500.0
9,30,Identity,15,5,1,244.14212669359353
75,20,Civil Records,12,6,1,500.0
70,25,Transport,10,1,0,500.0
2,40,Legal,17,1,0,111.01173595842587
44,45,Travel,9,0,0,500.0
29,40,Legal,17,6,1,500.0
19,40,Legal,9,3,0,439.47584616204074
3,25,Transport,12,0,0,96.45974309301889
40,20,Civil Records,10,5,1,500.0
13,30,Identity,8,3,0,308.00915233213107
0,45,Travel,13,6,1,1.0
5,35,Finance,13,0,0,330.9161074551666
61,35,Finance,9,2,0,500.0
19,35,Finance,12,4,0,500.0
2,45,Travel,13,1,0,121.61693699483939
77,30,Identity,16,1,0,500.0
46,30,Identity,16,5,1,500.0
56,20,Civil Records,12,2,0,500.0
47,45,Travel,14,0,0,500.0
70,35,Finance,16,6,1,500.0
78,20,Civil Records,9,5,1,500.0
54,35,Finance,10,2,0,500.0
2,25,Transport,8,2,0,50.31761952616427
9,35,Finance,12,2,0,478.21146027590436
21,40,Legal,13,5,1,500.0
13,20,Civil Records,8,4,0,221.72296495054414
15,45,Travel,14,2,0,500.0
11,20,Civil Records,11,4,0,298.10349027127694
33,40,Legal,11,0,0,500.0
6,20,Civil Records,16,6,1,111.83742012222807
54,20,Civil Records,15,3,0,500.0
70,40,Legal,15,3,0,500.0
52,35,Finance,16,0,0,500.0
62,35,Finance,8,4,0,500.0
55,30,Identity,16,6,1,500.0
66,40,Legal,13,3,0,500.0
34,45,Travel,12,4,0,500.0
18,25,Transport,17,3,0,500.0
70,45,Travel,8,1,0,500.0
40,45,Travel,9,6,1,500.0
64,35,Finance,14,1,0,500.0
72,45,Travel,14,3,0,500.0
35,45,Travel,17,5,1,500.0
58,25,Transport,12,6,1,500.0
2,35,Finance,13,5,1,99.36049846787184
63,35,Finance,13,6,1,500.0
2,20,Civil Records,16,2,0,39.069511356544645
43,30,Identity,8,4,0,500.0
4,40,Legal,9,6,1,121.2463038675406
48,45,Travel,11,4,0,500.0
51,35,Finance,11,6,1,500.0
58,40,Legal,14,0,0,500.0
30,35,Finance,14,0,0,500.0
70,25,Transport,17,4,0,500.0
61,30,Identity,16,2,0,500.0
49,25,Transport,11,5,1,500.0
7,45,Travel,10,5,1,261.8593330765424
57,25,Transport,14,0,0,500.0
30,40,Legal,9,0,0,500.0
79,35,Finance,9,4,0,500.0
45,40,Legal,11,5,1,500.0
30,25,Transport,9,3,0,500.0
48,20,Civil Records,10,4,0,500.0
69,25,Transport,8,5,1,500.0
18,30,Identity,17,5,1,500.0
52,45,Travel,11,6,1,500.0
47,40,Legal,8,3,0,500.0
45,30,Identity,8,0,0,500.0
20,25,Transport,11,6,1,490.7794057187298
33,25,Transport,13,0,0,500.0
75,45,Travel,12,1,0,500.0
0,40,Legal,8,1,0,1.0
22,25,Transport,10,4,0,465.6722351968126
46,20,Civil Records,12,0,0,500.0
61,25,Transport,17,1,0,500.0
55,25,Transport,17,4,0,500.0
68,30,Identity,11,3,0,500.0
4,45,Travel,10,1,0,117.19001586483482
17,25,Transport,8,2,0,324.825541592721
75,35,Finance,15,4,0,500.0
3,40,Legal,12,1,0,258.1407857335558
9,45,Travel,17,6,1,344.0428484919612
13,40,Legal,13,2,0,500.0
46,40,Legal,10,1,0,500.0
43,35,Finance,10,0,0,500.0
50,30,Identity,8,5,1,500.0
59,25,Transport,10,0,0,500.0
27,40,Legal,11,1,0,500.0
4,25,Transport,14,6,1,94.87195868448458
79,30,Identity,12,3,0,500.0
21,40,Legal,15,6,1,500.0
25,20,Civil Records,16,5,1,357.6003345677144
7,30,Identity,11,3,0,168.14698091226896
31,35,Finance,8,3,0,500.0
69,35,Finance,9,2,0,500.0
64,20,Civil Records,11,5,1,500.0
22,40,Legal,15,1,0,500.0
52,45,Travel,13,4,0,500.0
51,30,Identity,9,3,0,500.0
62,25,Transport,13,0,0,500.0
10,20,Civil Records,10,6,1,128.1171140619236
3,40,Legal,10,1,0,104.41679286854983
40,45,Travel,13,3,0,500.0
61,20,Civil Records,15,4,0,500.0
22,45,Travel,15,0,0,500.0
2,40,Legal,15,1,0,133.11534125097955
0,30,Identity,14,3,0,1.0
66,25,Transport,11,0,0,500.0
72,20,Civil Records,10,3,0,500.0
24,30,Identity,11,0,0,500.0
40,35,Finance,15,4,0,500.0
60,25,Transport,10,5,1,500.0
77,25,Transport,9,2,0,500.0
68,30,Identity,17,6,1,500.0
25,25,Transport,14,3,0,500.0
47,40,Legal,11,6,1,500.0
27,30,Identity,14,4,0,500.0
45,35,Finance,16,1,0,500.0
18,45,Travel,16,5,1,500.0
44,35,Finance,10,6,1,500.0
49,30,Identity,10,3,0,500.0
55,40,Legal,8,0,0,500.0
65,45,Travel,9,0,0,500.0
43,20,Civil Records,15,1,0,500.0
30,25,Transport,13,4,0,500.0
69,30,Identity,10,6,1,500.0
77,40,Legal,12,5,1,500.0
59,40,Legal,17,0,0,500.0
42,35,Finance,13,5,1,500.0
44,30,Identity,17,2,0,500.0
33,40,Legal,9,6,1,500.0
40,40,Legal,8,2,0,500.0
62,30,Identity,8,5,1,500.0
33,30,Identity,16,1,0,500.0
18,20,Civil Records,9,4,0,315.101674153307
55,45,Travel,17,1,0,500.0
1,25,Transport,11,1,0,27.717689572805288
69,20,Civil Records,13,0,0,500.0
53,45,Travel,12,3,0,500.0
70,40,Legal,13,1,0,500.0
62,30,Identity,12,5,1,500.0
66,45,Travel,15,2,0,500.0
9,25,Transport,16,3,0,329.31366721439537
19,40,Legal,14,2,0,500.0
40,45,Travel,9,3,0,500.0
75,25,Transport,8,1,0,500.0
13,40,Legal,9,4,0,330.3580292276366
4,20,Civil Records,9,5,1,37.95016705474959
66,45,Travel,11,2,0,500.0
57,45,Travel,11,2,0,500.0
27,35,Finance,14,4,0,500.0
49,20,Civil Records,17,0,0,500.0
52,45,Travel,10,1,0,500.0
29,45,Travel,9,6,1,500.0
5,35,Finance,14,5,1,249.6156323600609
29,45,Travel,14,2,0,500.0
27,45,Travel,10,5,1,500.0
75,40,Legal,8,0,0,500.0
19,45,Travel,11,5,1,500.0
63,25,Transport,14,2,0,500.0
36,35,Finance,14,5,1,500.0
15,30,Identity,16,0,0,500.0
58,45,Travel,11,4,0,500.0
67,45,Travel,11,0,0,500.0
20,45,Travel,16,4,0,500.0
54,40,Legal,12,1,0,500.0
35,30,Identity,16,5,1,500.0
79,45,Travel,15,3,0,500.0
58,25,Transport,14,0,0,500.0
59,35,Finance,17,0,0,500.0
35,45,Travel,11,2,0,500.0
20,35,Finance,9,6,1,470.14286586914153
34,20,Civil Records,11,1,0,500.0
79,45,Travel,15,2,0,500.0
68,40,Legal,11,4,0,500.0
52,45,Travel,16,3,0,500.0
75,25,Transport,9,2,0,500.0
34,40,Legal,10,6,1,500.0
52,45,Travel,8,4,0,500.0
63,45,Travel,8,1,0,500.0
21,25,Transport,15,2,0,500.0
15,25,Transport,8,1,0,306.4450027217723
44,20,Civil Records,17,1,0,500.0
29,35,Finance,16,6,1,500.0
13,25,Transport,8,5,1,250.05480072570202
12,40,Legal,17,4,0,500.0
45,20,Civil Records,17,4,0,500.0
17,45,Travel,13,0,0,500.0
51,35,Finance,16,5,1,500.0
75,35,Finance,12,5,1,500.0
20,30,Identity,8,4,0,500.0
77,35,Finance,17,5,1,500.0
17,45,Travel,8,4,0,500.0
36,35,Finance,16,1,0,500.0
55,20,Civil Records,16,4,0,500.0
58,40,Legal,12,2,0,500.0
50,40,Legal,15,4,0,500.0
71,45,Travel,8,1,0,500.0
14,30,Identity,15,0,0,487.846039790168
51,20,Civil Records,12,3,0,500.0
38,35,Finance,13,5,1,500.0
39,40,Legal,11,4,0,500.0
25,20,Civil Records,16,3,0,500.0
24,40,Legal,15,6,1,500.0
15,30,Identity,16,3,0,500.0
59,30,Identity,16,3,0,500.0
19,30,Identity,11,2,0,500.0
20,40,Legal,17,1,0,500.0
57,40,Legal,17,1,0,500.0
37,45,Travel,12,3,0,500.0
61,35,Finance,8,1,0,500.0
63,40,Legal,14,5,1,500.0
53,20,Civil Records,16,4,0,500.0
70,20,Civil Records,10,6,1,500.0
71,25,Transport,16,3,0,500.0
41,45,Travel,15,4,0,500.0
45,20,Civil Records,14,3,0,500.0
24,20,Civil Records,17,2,0,500.0
40,30,Identity,11,2,0,500.0
77,25,Transport,17,0,0,500.0
80,30,Identity,13,0,0,500.0
50,25,Transport,11,6,1,500.0
27,40,Legal,12,5,1,500.0
30,35,Finance,16,1,0,500.0
3,25,Transport,15,1,0,101.59202833924228
8,35,Finance,10,4,0,224.19541012497194
2,30,Identity,12,1,0,98.76791905908792
63,40,Legal,8,1,0,500.0
52,20,Civil Records,16,5,1,500.0
33,25,Transport,17,5,1,500.0
71,35,Finance,11,6,1,500.0
9,45,Travel,17,0,0,500.0
65,20,Civil Records,9,5,1,500.0
22,25,Transport,10,2,0,382.0418589372989
3,30,Identity,14,0,0,133.31204499050003
46,25,Transport,17,0,0,500.0
80,35,Finance,10,1,0,500.0
46,45,Travel,11,5,1,500.0
1,40,Legal,8,6,1,38.33875538099329
55,35,Finance,14,0,0,500.0
77,25,Transport,14,1,0,500.0
80,35,Finance,15,1,0,500.0
56,35,Finance,8,5,1,500.0
4,45,Travel,15,5,1,128.58949952583075
11,20,Civil Records,15,1,0,215.88935086387556
30,25,Transport,16,2,0,500.0
73,40,Legal,16,6,1,500.0
58,20,Civil Records,14,1,0,500.0
61,40,Legal,14,0,0,500.0
63,30,Identity,11,5,1,500.0
61,40,Legal,12,3,0,500.0
25,40,Legal,12,2,0,500.0
57,35,Finance,8,0,0,500.0
32,35,Finance,10,4,0,500.0
38,35,Finance,10,2,0,500.0
35,30,Identity,12,2,0,500.0
1,40,Legal,11,3,0,32.17583209374115
25,45,Travel,8,5,1,500.0
75,45,Travel,16,3,0,500.0
35,35,Finance,12,4,0,500.0
79,25,Transport,10,5,1,500.0
47,25,Transport,8,3,0,500.0
4,35,Finance,8,3,0,125.16147438096813
21,40,Legal,10,1,0,500.0
24,20,Civil Records,17,6,1,398.31713159680953
47,30,Identity,16,0,0,500.0
64,25,Transport,8,2,0,500.0
1,25,Transport,11,3,0,24.20349858635302
60,35,Finance,14,0,0,500.0
31,35,Finance,14,5,1,500.0
50,25,Transport,12,2,0,500.0
69,45,Travel,16,6,1,500.0
78,30,Identity,14,2,0,500.0
65,40,Legal,14,4,0,500.0
26,25,Transport,10,4,0,500.0
15,40,Legal,8,3,0,500.0
80,45,Travel,17,5,1,500.0
36,35,Finance,12,1,0,500.0
6,40,Legal,15,1,0,226.20315661209997
51,30,Identity,11,1,0,500.0
6,35,Finance,8,6,1,140.31151758830276
19,40,Legal,10,5,1,500.0
78,35,Finance,8,3,0,500.0
47,35,Finance,11,1,0,500.0
25,35,Finance,17,1,0,500.0
59,35,Finance,16,0,0,500.0
50,20,Civil Records,16,3,0,500.0
1,25,Transport,8,6,1,17.7976924390566
16,25,Transport,13,5,1,438.5715386346023
78,35,Finance,15,0,0,500.0
60,40,Legal,16,1,0,500.0
64,30,Identity,8,3,0,500.0
29,40,Legal,16,6,1,500.0
24,35,Finance,12,6,1,500.0
11,20,Civil Records,9,3,0,245.99737798089174
41,35,Finance,13,0,0,500.0
47,45,Travel,12,2,0,500.0
78,25,Transport,9,1,0,500.0
39,25,Transport,16,6,1,500.0
68,30,Identity,14,1,0,500.0
60,40,Legal,16,4,0,500.0
14,20,Civil Records,10,4,0,318.7601199811359
52,45,Travel,13,4,0,500.0
17,45,Travel,17,4,0,500.0
17,20,Civil Records,10,4,0,215.07961418255653
41,45,Travel,16,1,0,500.0
33,40,Legal,11,6,1,500.0
66,40,Legal,9,0,0,500.0
59,40,Legal,16,5,1,500.0
17,25,Transport,15,6,1,500.0
59,35,Finance,11,4,0,500.0
43,40,Legal,17,5,1,500.0
79,25,Transport,17,3,0,500.0
50,35,Finance,8,5,1,500.0
54,40,Legal,17,6,1,500.0
48,40,Legal,12,4,0,500.0
2,40,Legal,13,0,0,118.75524196921563
48,30,Identity,8,2,0,500.0
22,40,Legal,12,1,0,500.0
3,40,Legal,15,4,0,167.81980203171744
19,25,Transport,15,2,0,500.0
34,20,Civil Records,9,5,1,371.6401296749118
8,45,Travel,11,6,1,312.5266432752486
69,40,Legal,15,4,0,500.0
57,20,Civil Records,8,0,0,500.0
39,45,Travel,8,0,0,500.0
65,40,Legal,11,1,0,500.0
68,25,Transport,9,1,0,500.0
44,45,Travel,15,4,0,500.0
26,20,Civil Records,11,3,0,398.47147287946
73,45,Travel,15,1,0,500.0
38,25,Transport,10,2,0,500.0
7,30,Identity,12,6,1,297.03875685875045
79,30,Identity,13,3,0,500.0
41,45,Travel,10,4,0,500.0
58,45,Travel,15,1,0,500.0
47,40,Legal,9,0,0,500.0
38,45,Travel,15,5,1,500.0
58,30,Identity,10,1,0,500.0
17,45,Travel,13,0,0,500.0
11,45,Travel,16,3,0,500.0
64,40,Legal,15,0,0,500.0
8,20,Civil Records,12,0,0,196.7819489978666
46,35,Finance,17,0,0,500.0
59,25,Transport,10,3,0,500.0
57,45,Travel,15,3,0,500.0
55,30,Identity,14,1,0,500.0
34,40,Legal,12,1,0,500.0
45,30,Identity,10,1,0,500.0
41,30,Identity,9,2,0,500.0
24,30,Identity,9,4,0,500.0
49,45,Travel,12,2,0,500.0
29,30,Identity,12,2,0,500.0
44,25,Transport,15,2,0,500.0
79,40,Legal,17,3,0,500.0
23,35,Finance,14,1,0,500.0
27,25,Transport,15,5,1,497.02277204270695
65,40,Legal,13,6,1,500.0
11,20,Civil Records,8,0,0,159.14473502578173
25,20,Civil Records,12,3,0,500.0
21,45,Travel,13,6,1,500.0
24,20,Civil Records,17,1,0,500.0
44,40,Legal,9,5,1,500.0
60,35,Finance,15,5,1,500.0
17,20,Civil Records,9,5,1,305.2032056377518
16,35,Finance,11,0,0,500.0
47,35,Finance,8,1,0,500.0
44,35,Finance,16,4,0,500.0
18,40,Legal,9,1,0,500.0
63,35,Finance,17,6,1,500.0
62,35,Finance,11,3,0,500.0
54,40,Legal,10,4,0,500.0
72,20,Civil Records,12,2,0,500.0
53,35,Finance,12,1,0,500.0
40,20,Civil Records,17,6,1,500.0
79,45,Travel,14,3,0,500.0
55,25,Transport,9,6,1,500.0
44,25,Transport,14,5,1,500.0
7,25,Transport,8,5,1,148.0808533082946
70,45,Travel,10,4,0,500.0
80,40,Legal,17,4,0,500.0
55,20,Civil Records,10,5,1,500.0
64,45,Travel,9,0,0,500.0
51,40,Legal,8,4,0,500.0
63,40,Legal,11,6,1,500.0
30,35,Finance,11,3,0,500.0
60,30,Identity,12,2,0,500.0
35,45,Travel,14,1,0,500.0
80,45,Travel,13,5,1,500.0
6,25,Transport,11,6,1,102.08379189592206
46,20,Civil Records,15,2,0,500.0
28,35,Finance,9,3,0,500.0
36,25,Transport,16,0,0,500.0
4,20,Civil Records,14,5,1,89.22134738758548
47,35,Finance,15,2,0,500.0
71,35,Finance,17,0,0,500.0
16,30,Identity,14,2,0,460.1653121058904
44,30,Identity,15,3,0,500.0
7,20,Civil Records,11,2,0,182.87958572138717
19,35,Finance,11,5,1,500.0
29,20,Civil Records,13,0,0,500.0
16,25,Transport,15,0,0,500.0
80,20,Civil Records,16,1,0,500.0
52,35,Finance,12,1,0,500.0
25,30,Identity,10,5,1,328.6578391096032
50,40,Legal,12,6,1,500.0
11,20,Civil Records,11,1,0,261.38310937454537
64,20,Civil Records,11,6,1,500.0
38,45,Travel,12,0,0,500.0
65,45,Travel,11,3,0,500.0
5,35,Finance,13,5,1,159.8257321491912
44,25,Transport,8,6,1,500.0
66,20,Civil Records,11,4,0,500.0
11,40,Legal,16,2,0,410.13217512765584
67,25,Transport,9,5,1,500.0
25,30,Identity,13,4,0,500.0
1,45,Travel,12,4,0,83.19021554866003
42,20,Civil Records,9,3,0,500.0
53,35,Finance,14,5,1,500.0
80,40,Legal,10,5,1,500.0
16,25,Transport,16,1,0,411.86094633818806
75,25,Transport,9,0,0,500.0
45,25,Transport,14,3,0,500.0
44,30,Identity,17,5,1,500.0
77,20,Civil Records,9,0,0,500.0
19,40,Legal,17,1,0,500.0
27,35,Finance,10,5,1,500.0
35,45,Travel,12,1,0,500.0
36,45,Travel,13,3,0,500.0
5,40,Legal,10,2,0,211.70635937655766
54,20,Civil Records,8,1,0,500.0
15,35,Finance,14,3,0,500.0
27,20,Civil Records,9,4,0,500.0
78,40,Legal,12,6,1,500.0
57,20,Civil Records,16,6,1,500.0
79,30,Identity,14,5,1,500.0
4,25,Transport,11,3,0,113.98050948049269
75,25,Transport,8,5,1,500.0
31,30,Identity,17,6,1,500.0
12,45,Travel,12,2,0,500.0
28,40,Legal,11,2,0,500.0
60,25,Transport,12,5,1,500.0
19,40,Legal,17,0,0,500.0
38,45,Travel,16,3,0,500.0
51,35,Finance,8,2,0,500.0
16,30,Identity,10,2,0,500.0
26,35,Finance,11,4,0,500.0
61,25,Transport,14,4,0,500.0
43,45,Travel,9,5,1,500.0
73,25,Transport,11,3,0,500.0
12,25,Transport,13,4,0,436.36268384010094
60,45,Travel,11,1,0,500.0
28,30,Identity,15,6,1,500.0
58,40,Legal,11,6,1,500.0
59,45,Travel,13,4,0,500.0
64,40,Legal,16,2,0,500.0
63,25,Transport,15,3,0,500.0
74,35,Finance,16,1,0,500.0
51,20,Civil Records,13,4,0,500.0
0,25,Transport,11,2,0,1.0
44,40,Legal,9,0,0,500.0
56,20,Civil Records,15,3,0,500.0
77,40,Legal,11,3,0,500.0
70,45,Travel,11,4,0,500.0
9,30,Identity,11,4,0,331.2434279945153
16,35,Finance,8,6,1,391.2358123997054
10,35,Finance,13,2,0,497.8050528263858
32,45,Travel,17,3,0,500.0
44,40,Legal,8,5,1,500.0
24,35,Finance,12,5,1,500.0
45,40,Legal,9,4,0,500.0
24,45,Travel,11,3,0,500.0
79,40,Legal,13,6,1,500.0
23,35,Finance,8,5,1,431.6527772259378
54,25,Transport,9,5,1,500.0
38,20,Civil Records,15,2,0,500.0
41,35,Finance,11,3,0,500.0
68,30,Identity,15,2,0,500.0
16,40,Legal,15,3,0,500.0
67,40,Legal,11,2,0,500.0
55,35,Finance,14,5,1,500.0
51,45,Travel,8,3,0,500.0
54,45,Travel,14,6,1,500.0
24,25,Transport,16,2,0,500.0
48,40,Legal,14,3,0,500.0
31,30,Identity,8,2,0,500.0
71,20,Civil Records,16,5,1,500.0
40,30,Identity,16,2,0,500.0
2,45,Travel,12,3,0,177.57690728744896
66,35,Finance,9,5,1,500.0
45,45,Travel,9,1,0,500.0
59,35,Finance,11,6,1,500.0
54,40,Legal,15,5,1,500.0
47,40,Legal,16,6,1,500.0
26,30,Identity,14,0,0,500.0
45,25,Transport,16,5,1,500.0
75,35,Finance,11,2,0,500.0
9,40,Legal,10,1,0,398.25660963357257
2,25,Transport,16,5,1,43.9998042283411
15,20,Civil Records,8,4,0,264.74604714690304
18,35,Finance,14,2,0,500.0
18,20,Civil Records,11,2,0,253.66062156963596
67,35,Finance,10,0,0,500.0
41,40,Legal,10,0,0,500.0
67,25,Transport,10,1,0,500.0
32,30,Identity,8,4,0,500.0
61,35,Finance,11,3,0,500.0
27,30,Identity,10,0,0,500.0
31,25,Transport,15,1,0,500.0
19,40,Legal,17,0,0,500.0
44,35,Finance,10,0,0,500.0
67,45,Travel,8,4,0,500.0
57,20,Civil Records,15,3,0,500.0
22,35,Finance,13,0,0,500.0
21,40,Legal,14,4,0,500.0
3,40,Legal,14,4,0,131.9464622333572
63,40,Legal,16,3,0,500.0
11,25,Transport,9,3,0,289.7544062489511
71,35,Finance,12,6,1,500.0
75,25,Transport,12,0,0,500.0
16,30,Identity,17,2,0,500.0
0,40,Legal,13,1,0,1.0
65,35,Finance,11,4,0,500.0
62,35,Finance,10,5,1,500.0
26,35,Finance,15,3,0,500.0
66,25,Transport,10,6,1,500.0
68,25,Transport,13,2,0,500.0
45,40,Legal,12,6,1,500.0
49,45,Travel,12,2,0,500.0
34,45,Travel,14,1,0,500.0
10,40,Legal,13,1,0,500.0
49,25,Transport,10,0,0,500.0
56,45,Travel,11,2,0,500.0
5,45,Travel,13,3,0,327.818941950119
61,20,Civil Records,10,3,0,500.0
52,35,Finance,13,5,1,500.0
37,35,Finance,11,6,1,500.0
31,40,Legal,17,6,1,500.0
76,30,Identity,9,4,0,500.0
52,45,Travel,14,5,1,500.0
47,25,Transport,16,0,0,500.0
22,30,Identity,10,4,0,500.0
19,30,Identity,11,0,0,500.0
12,25,Transport,8,3,0,250.72520821155126
41,40,Legal,12,3,0,500.0
75,35,Finance,8,3,0,500.0
74,45,Travel,15,4,0,500.0
62,35,Finance,17,5,1,500.0
10,35,Finance,9,4,0,311.732352248995
63,25,Transport,10,2,0,500.0
15,35,Finance,14,2,0,500.0
38,45,Travel,16,2,0,500.0
26,35,Finance,13,4,0,500.0
47,30,Identity,9,3,0,500.0
70,20,Civil Records,11,0,0,500.0
4,30,Identity,10,3,0,109.39215093475366
49,45,Travel,11,3,0,500.0
17,35,Finance,14,4,0,500.0
0,20,Civil Records,15,5,1,1.0
74,35,Finance,9,0,0,500.0
12,45,Travel,8,0,0,496.632629307958
57,45,Travel,10,4,0,500.0
22,45,Travel,17,5,1,500.0
1,35,Finance,13,4,0,38.72287925274196
10,45,Travel,15,0,0,420.8697373454319
26,45,Travel,17,0,0,500.0
2,40,Legal,8,4,0,66.94817194250365
20,35,Finance,9,1,0,490.3720932420089
41,25,Transport,12,6,1,500.0
43,45,Travel,9,6,1,500.0
70,30,Identity,16,0,0,500.0
15,25,Transport,8,0,0,334.36048531727005
66,25,Transport,9,1,0,500.0
31,20,Civil Records,9,3,0,434.81095208669035
59,20,Civil Records,16,1,0,500.0
20,20,Civil Records,8,0,0,412.56948397646283
50,20,Civil Records,10,5,1,500.0
7,40,Legal,16,1,0,285.30153811065486
49,20,Civil Records,12,0,0,500.0
36,45,Travel,12,4,0,500.0
74,35,Finance,12,3,0,500.0
80,40,Legal,11,4,0,500.0
9,25,Transport,8,6,1,133.2496145169101
57,25,Transport,8,5,1,500.0
21,30,Identity,13,6,1,500.0
17,35,Finance,14,1,0,500.0
28,30,Identity,16,5,1,500.0
4,30,Identity,15,3,0,185.6018577993468
65,40,Legal,10,6,1,500.0
48,25,Transport,17,2,0,500.0
45,25,Transport,12,1,0,500.0
73,40,Legal,10,5,1,500.0
71,20,Civil Records,17,1,0,500.0
68,45,Travel,13,3,0,500.0
11,40,Legal,9,3,0,269.4051052253694
64,20,Civil Records,11,5,1,500.0
0,30,Identity,17,6,1,1.0
58,35,Finance,16,4,0,500.0
29,40,Legal,8,2,0,500.0
56,20,Civil Records,10,1,0,500.0
35,35,Finance,8,4,0,500.0
40,35,Finance,15,1,0,500.0
60,40,Legal,10,6,1,500.0
61,45,Travel,11,5,1,500.0
75,30,Identity,8,1,0,500.0
38,20,Civil Records,8,0,0,500.0
75,30,Identity,9,0,0,500.0
9,20,Civil Records,13,6,1,251.20356198520844
49,30,Identity,10,0,0,500.0
40,40,Legal,14,0,0,500.0
79,25,Transport,13,6,1,500.0
39,30,Identity,8,6,1,500.0
7,35,Finance,13,5,1,256.5471132488794
48,20,Civil Records,9,6,1,500.0
61,25,Transport,17,1,0,500.0
73,30,Identity,17,5,1,500.0
18,35,Finance,13,4,0,500.0
66,45,Travel,14,5,1,500.0
9,35,Finance,11,2,0,401.45206456126937
70,30,Identity,17,3,0,500.0
34,40,Legal,10,1,0,500.0
69,45,Travel,17,2,0,500.0
54,40,Legal,17,2,0,500.0
4,25,Transport,8,0,0,108.07142524890318
25,35,Finance,13,4,0,500.0
38,25,Transport,12,5,1,500.0
37,25,Transport,10,2,0,500.0
32,35,Finance,10,0,0,500.0
46,20,Civil Records,11,0,0,500.0
80,25,Transport,11,4,0,500.0
31,20,Civil Records,9,4,0,459.66319019809424
67,30,Identity,15,0,0,500.0
39,45,Travel,12,0,0,500.0
27,30,Identity,10,6,1,500.0
47,40,Legal,9,5,1,500.0
43,40,Legal,14,5,1,500.0
62,30,Identity,13,5,1,500.0
44,35,Finance,10,5,1,500.0
31,40,Legal,17,3,0,500.0
3,35,Finance,15,0,0,166.11518579254442
23,35,Finance,17,3,0,500.0
4,45,Travel,17,2,0,241.12820701049523
62,45,Travel,12,3,0,500.0
37,45,Travel,13,0,0,500.0
7,45,Travel,10,2,0,406.62073569718274
54,30,Identity,10,0,0,500.0
20,35,Finance,16,0,0,500.0
79,45,Travel,10,3,0,500.0
29,35,Finance,10,6,1,500.0
19,25,Transport,8,6,1,240.31410720259115
68,40,Legal,17,5,1,500.0
14,35,Finance,17,6,1,465.7006746191789
32,35,Finance,10,3,0,500.0
80,45,Travel,17,3,0,500.0
71,30,Identity,8,3,0,500.0
26,30,Identity,11,4,0,500.0
57,25,Transport,16,6,1,500.0
63,40,Legal,8,6,1,500.0
30,30,Identity,9,5,1,500.0
54,35,Finance,10,6,1,500.0
0,40,Legal,15,1,0,1.0
38,25,Transport,14,4,0,500.0
78,20,Civil Records,9,6,1,500.0
8,40,Legal,9,0,0,311.85822839096664
61,35,Finance,15,2,0,500.0
61,20,Civil Records,11,6,1,500.0
19,20,Civil Records,9,1,0,223.8902100564086
54,20,Civil Records,12,1,0,500.0
37,25,Transport,9,1,0,500.0
10,45,Travel,8,6,1,437.0847001397729
36,20,Civil Records,16,3,0,500.0
65,30,Identity,15,5,1,500.0
0,20,Civil Records,10,2,0,1.0
0,30,Identity,11,2,0,1.0
40,30,Identity,9,0,0,500.0
23,25,Transport,10,6,1,391.4531339422366
7,35,Finance,11,5,1,186.25768964775014
19,45,Travel,12,2,0,500.0
78,45,Travel,13,5,1,500.0
24,40,Legal,10,6,1,500.0
43,35,Finance,13,5,1,500.0
14,45,Travel,8,1,0,456.125894022802
1,45,Travel,13,5,1,57.169417576901154
75,35,Finance,10,6,1,500.0
30,35,Finance,10,0,0,500.0
0,45,Travel,8,1,0,1.0
25,45,Travel,10,1,0,500.0
14,45,Travel,13,1,0,500.0
60,35,Finance,9,3,0,500.0
2,40,Legal,8,0,0,61.67177498109109
29,40,Legal,9,0,0,500.0
40,35,Finance,9,4,0,500.0
3,35,Finance,11,3,0,106.61339364300908
11,40,Legal,9,4,0,500.0
48,40,Legal,11,5,1,500.0
71,20,Civil Records,11,2,0,500.0
12,20,Civil Records,11,4,0,264.29688265184893
7,25,Transport,15,5,1,167.29662002985629
2,25,Transport,9,3,0,26.967043092358892
54,20,Civil Records,9,4,0,500.0
60,25,Transport,15,5,1,500.0
35,40,Legal,8,1,0,500.0
46,20,Civil Records,17,2,0,500.0
31,35,Finance,9,5,1,500.0
79,40,Legal,14,1,0,500.0
43,45,Travel,14,2,0,500.0
20,40,Legal,11,5,1,500.0
80,20,Civil Records,16,5,1,500.0
18,25,Transport,8,1,0,282.8546809264827
24,45,Travel,12,6,1,500.0
27,35,Finance,17,4,0,500.0
44,20,Civil Records,9,1,0,500.0
1,30,Identity,9,5,1,25.293629924221584
69,45,Travel,14,0,0,500.0
60,20,Civil Records,12,4,0,500.0
48,25,Transport,13,5,1,500.0
71,20,Civil Records,17,3,0,500.0
80,25,Transport,17,3,0,500.0
4,20,Civil Records,14,0,0,78.4820417661605
73,25,Transport,13,3,0,500.0
34,25,Transport,10,0,0,500.0
68,20,Civil Records,8,6,1,500.0
55,20,Civil Records,10,4,0,500.0
15,20,Civil Records,17,2,0,237.08805341022534
37,20,Civil Records,15,4,0,500.0
67,40,Legal,10,3,0,500.0
69,25,Transport,13,1,0,500.0
7,35,Finance,13,6,1,170.182903118561
10,20,Civil Records,10,1,0,255.75808746619
22,45,Travel,13,3,0,500.0
51,40,Legal,17,5,1,500.0
72,40,Legal,10,3,0,500.0
27,20,Civil Records,8,5,1,480.8646650922426
11,25,Transport,14,0,0,390.3484438284561
14,20,Civil Records,8,4,0,196.36992273258423
63,35,Finance,13,3,0,500.0
73,35,Finance,8,6,1,500.0
41,30,Identity,15,6,1,500.0
21,20,Civil Records,15,3,0,438.5646499161251
77,20,Civil Records,8,1,0,500.0
61,30,Identity,11,2,0,500.0
11,45,Travel,8,6,1,407.7033224513223
5,45,Travel,12,1,0,390.77403361969874
57,20,Civil Records,9,6,1,500.0
6,30,Identity,8,4,0,147.20183887368577
56,20,Civil Records,14,1,0,500.0
15,20,Civil Records,8,2,0,249.38275238025597
21,40,Legal,15,6,1,500.0
15,25,Transport,14,6,1,352.6049760911853
63,20,Civil Records,15,1,0,500.0
51,20,Civil Records,8,5,1,500.0
59,35,Finance,17,6,1,500.0
3,25,Transport,16,2,0,71.09761134401688
36,40,Legal,9,5,1,500.0
27,25,Transport,13,3,0,500.0
16,35,Finance,11,4,0,500.0
75,40,Legal,14,2,0,500.0
74,25,Transport,17,5,1,500.0
73,25,Transport,10,1,0,500.0
32,30,Identity,16,6,1,500.0
50,30,Identity,15,1,0,500.0
7,45,Travel,13,6,1,271.423226644319
27,35,Finance,15,2,0,500.0
16,20,Civil Records,17,1,0,442.07577294904485
35,40,Legal,16,6,1,500.0
45,30,Identity,9,6,1,500.0
17,40,Legal,15,6,1,500.0
41,20,Civil Records,16,5,1,500.0
53,45,Travel,13,3,0,500.0
15,25,Transport,16,2,0,331.5312276420205
6,45,Travel,10,1,0,255.63760939006409
75,20,Civil Records,9,0,0,500.0
36,35,Finance,17,3,0,500.0
70,40,Legal,13,2,0,500.0
41,30,Identity,15,0,0,500.0
64,45,Travel,8,1,0,500.0
12,30,Identity,15,5,1,488.65812079526535
17,30,Identity,8,0,0,481.462872459556
4,25,Transport,16,0,0,96.55515931270791
39,45,Travel,13,6,1,500.0
37,30,Identity,12,1,0,500.0
42,20,Civil Records,11,6,1,500.0
24,45,Travel,17,5,1,500.0
66,40,Legal,12,3,0,500.0
68,20,Civil Records,16,3,0,500.0
78,30,Identity,9,3,0,500.0
30,30,Identity,13,2,0,500.0
73,30,Identity,15,0,0,500.0
50,45,Travel,13,3,0,500.0
48,30,Identity,10,1,0,500.0
20,35,Finance,17,6,1,500.0
60,45,Travel,11,0,0,500.0
4,35,Finance,10,6,1,112.17042913313605
20,20,Civil Records,17,0,0,338.39276434003045
63,30,Identity,11,5,1,500.0
74,45,Travel,8,0,0,500.0
1,35,Finance,10,1,0,34.05875635304298
48,20,Civil Records,13,6,1,500.0
61,30,Identity,9,2,0,500.0
7,30,Identity,8,3,0,229.4251928880969
56,35,Finance,8,6,1,500.0
15,40,Legal,10,4,0,500.0
20,25,Transport,9,2,0,454.4551909424675
77,30,Identity,16,4,0,500.0
54,35,Finance,16,6,1,500.0
44,30,Identity,17,3,0,500.0
73,30,Identity,10,5,1,500.0
56,30,Identity,11,2,0,500.0
61,45,Travel,16,4,0,500.0
39,45,Travel,16,3,0,500.0
38,20,Civil Records,15,2,0,500.0
48,45,Travel,14,1,0,500.0
77,35,Finance,9,4,0,500.0
68,45,Travel,8,3,0,500.0
29,20,Civil Records,17,2,0,500.0
70,30,Identity,8,4,0,500.0
36,30,Identity,14,1,0,500.0
21,40,Legal,12,4,0,500.0
44,35,Finance,12,4,0,500.0
7,45,Travel,9,1,0,221.17352781273738
79,40,Legal,9,2,0,500.0
35,30,Identity,11,2,0,500.0
37,20,Civil Records,8,6,1,500.0
29,20,Civil Records,12,1,0,500.0
52,20,Civil Records,10,4,0,500.0
12,35,Finance,8,3,0,438.13841367103714
24,20,Civil Records,11,5,1,412.0764925822392
68,45,Travel,9,4,0,500.0
44,30,Identity,11,2,0,500.0
74,35,Finance,12,4,0,500.0
38,40,Legal,11,3,0,500.0
36,30,Identity,14,6,1,500.0
31,35,Finance,13,0,0,500.0
24,25,Transport,11,6,1,480.5081805669402
52,45,Travel,11,6,1,500.0
26,30,Identity,17,6,1,500.0
18,40,Legal,15,4,0,500.0
34,30,Identity,11,1,0,500.0
11,25,Transport,17,0,0,253.6275389778384
72,40,Legal,14,1,0,500.0
30,40,Legal,17,2,0,500.0
12,25,Transport,8,1,0,163.95656624105771
5,25,Transport,8,4,0,133.4268722152061
57,20,Civil Records,13,2,0,500.0
16,30,Identity,8,1,0,359.61834980858356
76,40,Legal,13,3,0,500.0
64,25,Transport,17,2,0,500.0
12,20,Civil Records,15,0,0,240.53162707628104
56,35,Finance,13,4,0,500.0
71,45,Travel,17,3,0,500.0
2,35,Finance,17,0,0,76.62616842807067
75,45,Travel,17,5,1,500.0
31,20,Civil Records,11,5,1,500.0
53,35,Finance,11,3,0,500.0
5,35,Finance,11,6,1,145.08963323499668
64,40,Legal,8,5,1,500.0
14,35,Finance,8,4,0,392.475253275559
49,30,Identity,9,3,0,500.0
4,35,Finance,13,2,0,206.28709727911465
55,35,Finance,9,6,1,500.0
56,35,Finance,17,5,1,500.0
7,20,Civil Records,11,0,0,118.70214331318756
11,40,Legal,16,4,0,404.384943197742
44,20,Civil Records,8,1,0,500.0
46,40,Legal,11,1,0,500.0
64,20,Civil Records,14,1,0,500.0
74,20,Civil Records,8,3,0,500.0
15,20,Civil Records,17,2,0,324.37620020121267
59,40,Legal,13,4,0,500.0
70,40,Legal,12,0,0,500.0
79,35,Finance,9,1,0,500.0
67,20,Civil Records,16,2,0,500.0
46,45,Travel,15,6,1,500.0
6,40,Legal,17,0,0,242.73853385142723
62,45,Travel,8,5,1,500.0
17,45,Travel,10,2,0,500.0
31,20,Civil Records,15,3,0,500.0
8,25,Transport,14,4,0,250.19926121041476
0,35,Finance,15,1,0,1.0
33,35,Finance,15,0,0,500.0
20,30,Identity,17,5,1,366.4683113659096
78,40,Legal,9,2,0,500.0
48,40,Legal,9,2,0,500.0
51,40,Legal,13,1,0,500.0
36,35,Finance,12,4,0,500.0
52,30,Identity,16,6,1,500.0
39,30,Identity,14,2,0,500.0
57,35,Finance,14,3,0,500.0
22,30,Identity,10,3,0,500.0
17,20,Civil Records,8,5,1,260.1078744193765
35,25,Transport,17,6,1,500.0
68,35,Finance,14,0,0,500.0
11,35,Finance,8,1,0,345.16554702876925
11,20,Civil Records,17,4,0,278.0793614745155
67,30,Identity,13,1,0,500.0
36,25,Transport,14,0,0,500.0
71,35,Finance,17,2,0,500.0
64,45,Travel,11,1,0,500.0
21,20,Civil Records,16,1,0,350.1198125196839
43,20,Civil Records,13,6,1,500.0
66,40,Legal,8,5,1,500.0
63,30,Identity,12,2,0,500.0
49,45,Travel,11,1,0,500.0
30,20,Civil Records,9,1,0,500.0
42,30,Identity,9,0,0,500.0
12,40,Legal,10,2,0,500.0
16,45,Travel,12,5,1,500.0
75,40,Legal,13,5,1,500.0
43,40,Legal,17,3,0,500.0
80,35,Finance,12,5,1,500.0
33,20,Civil Records,10,5,1,500.0
34,40,Legal,9,2,0,500.0
79,40,Legal,16,2,0,500.0
70,40,Legal,12,0,0,500.0
69,30,Identity,15,0,0,500.0
42,20,Civil Records,15,3,0,500.0
50,35,Finance,13,3,0,500.0
51,25,Transport,8,6,1,500.0
25,40,Legal,15,2,0,500.0
40,25,Transport,9,6,1,500.0
32,35,Finance,11,2,0,500.0
50,30,Identity,14,5,1,500.0
64,30,Identity,9,2,0,500.0
7,40,Legal,11,3,0,252.71560583267362
76,40,Legal,17,5,1,500.0
55,40,Legal,16,1,0,500.0
75,20,Civil Records,15,1,0,500.0
55,35,Finance,11,6,1,500.0
68,45,Travel,16,2,0,500.0
57,25,Transport,15,4,0,500.0
11,20,Civil Records,12,3,0,335.5418303806296
7,45,Travel,13,0,0,458.5460780032027
28,25,Transport,14,0,0,500.0
41,35,Finance,8,6,1,500.0
31,25,Transport,17,6,1,500.0
52,20,Civil Records,9,2,0,500.0
46,25,Transport,13,5,1,500.0
43,25,Transport,11,1,0,500.0
30,20,Civil Records,17,0,0,500.0
65,30,Identity,10,2,0,500.0
48,25,Transport,8,4,0,500.0
15,45,Travel,8,1,0,500.0
15,35,Finance,14,3,0,500.0
77,40,Legal,15,3,0,500.0
61,45,Travel,14,2,0,500.0
67,40,Legal,17,5,1,500.0
28,40,Legal,16,5,1,500.0
45,40,Legal,8,2,0,500.0
15,40,Legal,13,3,0,500.0
5,45,Travel,13,4,0,367.58209659403144
12,25,Transport,11,2,0,352.36262461966214
66,45,Travel,11,6,1,500.0
48,20,Civil Records,16,3,0,500.0
55,20,Civil Records,17,3,0,500.0
69,45,Travel,8,2,0,500.0
34,20,Civil Records,9,4,0,500.0
8,20,Civil Records,16,0,0,206.20110295748788
73,35,Finance,10,4,0,500.0
69,35,Finance,17,6,1,500.0
69,35,Finance,9,2,0,500.0
20,30,Identity,13,4,0,500.0
58,30,Identity,9,5,1,500.0
32,25,Transport,15,2,0,500.0
34,30,Identity,16,4,0,500.0
12,25,Transport,16,6,1,326.7235887093857
71,25,Transport,12,2,0,500.0
31,30,Identity,10,3,0,500.0
13,40,Legal,16,4,0,463.8662219602166
36,40,Legal,16,4,0,500.0
73,35,Finance,16,1,0,500.0
41,35,Finance,9,0,0,500.0
15,45,Travel,12,2,0,500.0
64,30,Identity,15,3,0,500.0
76,30,Identity,12,2,0,500.0
1,35,Finance,11,0,0,37.343970973518545
14,20,Civil Records,15,1,0,300.190991665714
76,45,Travel,16,6,1,500.0
4,40,Legal,16,6,1,133.80734898454503
0,30,Identity,17,4,0,1.0
7,35,Finance,14,6,1,226.8218550348362
28,40,Legal,13,3,0,500.0
40,20,Civil Records,9,2,0,500.0
37,40,Legal,15,0,0,500.0
42,30,Identity,12,2,0,500.0
6,35,Finance,10,1,0,205.628714912296
42,40,Legal,8,1,0,500.0
13,35,Finance,15,6,1,356.3283247555913
18,45,Travel,16,6,1,500.0
24,35,Finance,15,2,0,500.0
50,25,Transport,14,1,0,500.0
57,20,Civil Records,9,3,0,500.0
79,40,Legal,11,0,0,500.0
13,25,Transport,13,2,0,500.0
69,40,Legal,9,6,1,500.0
68,45,Travel,8,6,1,500.0
9,40,Legal,9,6,1,216.80518234422524
55,30,Identity,10,1,0,500.0
58,35,Finance,15,0,0,500.0
17,35,Finance,10,1,0,379.55800357321925
5,20,Civil Records,13,5,1,138.304921169545
26,45,Travel,15,2,0,500.0
52,35,Finance,15,3,0,500.0
66,30,Identity,12,3,0,500.0
77,35,Finance,14,2,0,500.0
0,25,Transport,13,6,1,1.0
70,40,Legal,11,0,0,500.0
78,45,Travel,9,5,1,500.0
72,35,Finance,16,2,0,500.0
28,35,Finance,17,6,1,500.0
60,25,Transport,12,2,0,500.0
56,40,Legal,15,0,0,500.0
2,25,Transport,12,4,0,54.79502856839338
42,35,Finance,17,6,1,500.0
54,20,Civil Records,8,4,0,500.0
70,25,Transport,10,1,0,500.0
20,35,Finance,10,0,0,500.0
51,45,Travel,17,6,1,500.0
57,30,Identity,14,6,1,500.0
16,30,Identity,8,6,1,375.310311124807
79,25,Transport,8,2,0,500.0
37,45,Travel,10,4,0,500.0
32,35,Finance,10,1,0,500.0
27,45,Travel,14,4,0,500.0
16,25,Transport,9,4,0,254.84118614159274
29,45,Travel,15,1,0,500.0
11,20,Civil Records,17,5,1,171.08755964291782
3,20,Civil Records,17,3,0,86.21215393421758
80,45,Travel,14,0,0,500.0
24,20,Civil Records,11,4,0,500.0
20,45,Travel,15,3,0,500.0
72,35,Finance,16,3,0,500.0
15,35,Finance,17,0,0,500.0
14,35,Finance,17,4,0,500.0
79,35,Finance,8,0,0,500.0
9,45,Travel,8,3,0,295.1513050591934
77,40,Legal,13,5,1,500.0
12,40,Legal,8,6,1,297.27541083040273
29,45,Travel,17,0,0,500.0
76,20,Civil Records,12,1,0,500.0
37,35,Finance,9,6,1,500.0
11,30,Identity,16,2,0,427.5038816079691
72,30,Identity,8,1,0,500.0
51,20,Civil Records,15,4,0,500.0
52,20,Civil Records,14,3,0,500.0
20,25,Transport,16,3,0,500.0
7,30,Identity,15,1,0,240.16852567907642
42,35,Finance,11,0,0,500.0
67,25,Transport,10,1,0,500.0
1,30,Identity,17,2,0,37.345877807206875
60,45,Travel,14,3,0,500.0
46,45,Travel,15,3,0,500.0
64,40,Legal,14,0,0,500.0
21,40,Legal,11,2,0,500.0
54,20,Civil Records,17,6,1,500.0
15,30,Identity,10,6,1,284.3896018587936
15,35,Finance,10,5,1,386.2817889658756
3,20,Civil Records,17,5,1,53.32156647562986
80,35,Finance,9,1,0,500.0
34,30,Identity,17,4,0,500.0
30,20,Civil Records,8,3,0,368.57299901744994
10,30,Identity,17,4,0,315.7411694378076
66,20,Civil Records,14,4,0,500.0
79,40,Legal,13,3,0,500.0
4,30,Identity,16,3,0,168.57409110425897
10,40,Legal,16,2,0,334.10384553737055
32,25,Transport,14,4,0,500.0
71,25,Transport,12,3,0,500.0
16,25,Transport,17,1,0,361.1569336589908
15,35,Finance,12,5,1,500.0
70,35,Finance,10,2,0,500.0
71,30,Identity,8,5,1,500.0
7,25,Transport,8,2,0,145.48513342599068
57,45,Travel,16,6,1,500.0
8,25,Transport,14,0,0,319.9764389002333
26,45,Travel,11,1,0,500.0
68,45,Travel,11,2,0,500.0
28,40,Legal,9,4,0,500.0
43,40,Legal,11,0,0,500.0
57,20,Civil Records,11,1,0,500.0
35,40,Legal,17,5,1,500.0
49,30,Identity,15,2,0,500.0
40,25,Transport,9,5,1,500.0
43,40,Legal,10,6,1,500.0
58,30,Identity,8,5,1,500.0
10,45,Travel,13,2,0,500.0
34,20,Civil Records,10,4,0,500.0
16,25,Transport,13,5,1,457.9073641007889
56,40,Legal,8,3,0,500.0
64,20,Civil Records,15,4,0,500.0
65,25,Transport,14,3,0,500.0
0,25,Transport,8,0,0,1.0
18,40,Legal,16,4,0,500.0
62,20,Civil Records,15,5,1,500.0
50,30,Identity,17,0,0,500.0
62,45,Travel,15,3,0,500.0
26,30,Identity,9,2,0,482.4371020205692
54,45,Travel,12,2,0,500.0
80,30,Identity,10,4,0,500.0
50,45,Travel,14,6,1,500.0
75,25,Transport,8,0,0,500.0
2,40,Legal,15,5,1,52.75235646383006
38,20,Civil Records,17,6,1,500.0
20,45,Travel,15,5,1,500.0
8,40,Legal,17,5,1,313.7285575171557
22,30,Identity,11,0,0,500.0
60,45,Travel,15,4,0,500.0
76,25,Transport,15,4,0,500.0
46,40,Legal,12,2,0,500.0
80,30,Identity,9,1,0,500.0
12,20,Civil Records,8,5,1,165.66307312854138
78,30,Identity,16,2,0,500.0
12,20,Civil Records,17,1,0,219.39117670787948
24,30,Identity,16,2,0,500.0
52,45,Travel,9,2,0,500.0
70,30,Identity,11,0,0,500.0
34,45,Travel,15,3,0,500.0
69,35,Finance,15,4,0,500.0
48,30,Identity,12,6,1,500.0
13,20,Civil Records,16,6,1,240.59149864906516
78,30,Identity,12,2,0,500.0
75,25,Transport,15,0,0,500.0
58,30,Identity,15,3,0,500.0
53,35,Finance,10,0,0,500.0
0,25,Transport,14,0,0,1.0
20,30,Identity,8,5,1,500.0
13,20,Civil Records,10,0,0,251.18829833492663
61,45,Travel,16,3,0,500.0
11,25,Transport,15,0,0,249.78587624516942
37,30,Identity,14,5,1,500.0
35,40,Legal,10,4,0,500.0
23,45,Travel,8,3,0,500.0
22,20,Civil Records,8,3,0,424.2770644772577
46,25,Transport,8,1,0,500.0
64,20,Civil Records,16,2,0,500.0
51,30,Identity,10,3,0,500.0
68,30,Identity,14,6,1,500.0
72,30,Identity,15,6,1,500.0
55,25,Transport,16,2,0,500.0
73,30,Identity,12,3,0,500.0
9,25,Transport,11,0,0,149.5475120061118
7,40,Legal,14,1,0,438.1701225928745
74,30,Identity,16,3,0,500.0
29,20,Civil Records,9,4,0,361.9838541854451
68,20,Civil Records,15,2,0,500.0
55,40,Legal,12,3,0,500.0
16,30,Identity,12,4,0,500.0
69,30,Identity,16,1,0,500.0
20,40,Legal,8,1,0,500.0
65,40,Legal,13,4,0,500.0
41,35,Finance,11,6,1,500.0
17,25,Transport,17,4,0,500.0
52,40,Legal,9,3,0,500.0
8,35,Finance,17,5,1,352.4116214725529
44,30,Identity,10,3,0,500.0
80,25,Transport,15,0,0,500.0
13,45,Travel,8,5,1,388.7488054864909
62,30,Identity,13,2,0,500.0
34,25,Transport,16,4,0,500.0
10,30,Identity,17,2,0,264.70331796019826
45,30,Identity,12,3,0,500.0
64,20,Civil Records,9,4,0,500.0
17,40,Legal,15,4,0,500.0
15,30,Identity,9,6,1,379.5522010151163
10,25,Transport,11,2,0,318.31000375912845
49,30,Identity,12,2,0,500.0
76,30,Identity,16,2,0,500.0
29,25,Transport,9,6,1,500.0
5,20,Civil Records,11,3,0,113.23088852558196
80,25,Transport,15,3,0,500.0
13,30,Identity,9,4,0,290.11348664443597
21,30,Identity,8,5,1,316.8077372616106
66,20,Civil Records,15,6,1,500.0
0,35,Finance,12,1,0,1.0
3,40,Legal,11,5,1,81.78417312684232
78,30,Identity,13,3,0,500.0
29,40,Legal,11,4,0,500.0
0,45,Travel,9,5,1,1.0
48,25,Transport,15,6,1,500.0
64,25,Transport,13,0,0,500.0
77,40,Legal,12,1,0,500.0
6,20,Civil Records,9,6,1,103.30573613863957
49,35,Finance,10,3,0,500.0
75,40,Legal,17,6,1,500.0
47,25,Transport,11,4,0,500.0
32,25,Transport,8,1,0,500.0
21,30,Identity,11,6,1,500.0
74,35,Finance,17,3,0,500.0
0,45,Travel,17,4,0,1.0
5,20,Civil Records,9,4,0,106.56793973487814
47,35,Finance,9,5,1,500.0
9,45,Travel,14,3,0,500.0
34,20,Civil Records,16,2,0,500.0
45,45,Travel,9,5,1,500.0
47,45,Travel,10,5,1,500.0
42,45,Travel,8,5,1,500.0
80,25,Transport,8,2,0,500.0
70,40,Legal,12,6,1,500.0
7,25,Transport,15,5,1,157.53992966668875
80,25,Transport,15,0,0,500.0
74,25,Transport,12,6,1,500.0
74,30,Identity,15,2,0,500.0
16,30,Identity,13,5,1,500.0
38,35,Finance,10,6,1,500.0
75,40,Legal,8,4,0,500.0
34,45,Travel,14,5,1,500.0
26,20,Civil Records,16,0,0,500.0
33,25,Transport,9,2,0,469.7247987123396
30,40,Legal,9,5,1,500.0
60,45,Travel,9,2,0,500.0
19,40,Legal,11,0,0,500.0
77,40,Legal,10,2,0,500.0
27,40,Legal,17,3,0,500.0
24,35,Finance,9,5,1,410.3817320887983
8,40,Legal,11,2,0,319.07441243944936
53,20,Civil Records,12,1,0,500.0
29,40,Legal,10,4,0,500.0
35,45,Travel,13,6,1,500.0
33,20,Civil Records,12,4,0,500.0
60,30,Identity,9,4,0,500.0
41,40,Legal,16,2,0,500.0
17,40,Legal,14,5,1,500.0
67,35,Finance,8,3,0,500.0
31,30,Identity,16,6,1,500.0
41,25,Transport,14,5,1,500.0
32,25,Transport,15,5,1,500.0
46,20,Civil Records,11,0,0,500.0
12,25,Transport,11,5,1,225.76209613679183
44,20,Civil Records,16,3,0,500.0
11,45,Travel,11,4,0,500.0
20,20,Civil Records,8,5,1,237.85196395976962
11,20,Civil Records,11,3,0,276.58044886542615
19,30,Identity,10,6,1,500.0
4,25,Transport,9,4,0,71.68676757573404
7,35,Finance,8,0,0,177.3231091287748
34,20,Civil Records,12,4,0,500.0
24,40,Legal,15,2,0,500.0
54,20,Civil Records,11,2,0,500.0
46,30,Identity,15,6,1,500.0
62,25,Transport,13,4,0,500.0
51,45,Travel,8,6,1,500.0
50,40,Legal,17,5,1,500.0
56,25,Transport,11,1,0,500.0
11,40,Legal,13,5,1,500.0
32,35,Finance,9,5,1,500.0
50,30,Identity,9,3,0,500.0
72,20,Civil Records,9,2,0,500.0
38,25,Transport,16,3,0,500.0
56,40,Legal,13,2,0,500.0
13,35,Finance,16,6,1,291.6150437967845
61,45,Travel,14,1,0,500.0
1,40,Legal,13,0,0,65.04697288274191
22,35,Finance,13,2,0,500.0
62,45,Travel,12,3,0,500.0
32,20,Civil Records,17,4,0,500.0
31,35,Finance,13,0,0,500.0
27,45,Travel,14,5,1,500.0
33,25,Transport,15,5,1,500.0
2,35,Finance,9,5,1,55.77906708295682
35,25,Transport,17,1,0,500.0
30,40,Legal,15,6,1,500.0
77,40,Legal,17,0,0,500.0
55,25,Transport,10,3,0,500.0
25,30,Identity,8,3,0,500.0
47,35,Finance,14,0,0,500.0
56,25,Transport,14,6,1,500.0
68,35,Finance,13,5,1,500.0
20,40,Legal,9,2,0,500.0
78,30,Identity,12,2,0,500.0
26,35,Finance,10,3,0,500.0
18,20,Civil Records,12,3,0,500.0
42,20,Civil Records,13,6,1,500.0
10,45,Travel,15,1,0,500.0
71,30,Identity,8,0,0,500.0
15,45,Travel,9,1,0,427.4935820157284
42,20,Civil Records,14,1,0,500.0
64,30,Identity,14,6,1,500.0
69,20,Civil Records,14,4,0,500.0
51,25,Transport,8,2,0,500.0
33,35,Finance,14,0,0,500.0
0,35,Finance,17,2,0,1.0
25,40,Legal,10,1,0,500.0
21,30,Identity,13,4,0,500.0
11,20,Civil Records,17,6,1,189.27721129794966
9,40,Legal,9,0,0,243.03466091331305
64,45,Travel,13,1,0,500.0
6,35,Finance,12,1,0,361.46070647907794
48,20,Civil Records,9,0,0,500.0
43,45,Travel,9,1,0,500.0
20,20,Civil Records,16,4,0,376.2240579007635
22,20,Civil Records,10,1,0,500.0
20,30,Identity,13,4,0,500.0
17,45,Travel,13,6,1,500.0
54,45,Travel,9,3,0,500.0
56,35,Finance,15,3,0,500.0
29,45,Travel,17,0,0,500.0
53,30,Identity,11,5,1,500.0
74,25,Transport,12,2,0,500.0
57,30,Identity,12,1,0,500.0
34,25,Transport,9,5,1,402.45814189133796
36,40,Legal,13,6,1,500.0
6,30,Identity,13,0,0,186.6634031318035
67,45,Travel,13,3,0,500.0
74,20,Civil Records,11,5,1,500.0
56,20,Civil Records,12,3,0,500.0
63,45,Travel,12,2,0,500.0
12,25,Transport,14,4,0,413.394445604681
63,35,Finance,10,4,0,500.0
20,20,Civil Records,15,5,1,440.30659084515975
39,45,Travel,13,2,0,500.0
17,40,Legal,9,4,0,500.0
40,45,Travel,11,1,0,500.0
72,40,Legal,14,3,0,500.0
29,40,Legal,8,5,1,500.0
51,20,Civil Records,15,0,0,500.0
58,40,Legal,9,5,1,500.0
36,35,Finance,12,5,1,500.0
42,35,Finance,8,4,0,500.0
61,30,Identity,10,6,1,500.0
58,30,Identity,13,3,0,500.0
76,35,Finance,10,3,0,500.0
5,45,Travel,9,1,0,259.6932814223912
67,40,Legal,17,3,0,500.0
49,20,Civil Records,17,2,0,500.0
18,30,Identity,10,6,1,494.8486547470104
51,35,Finance,10,5,1,500.0
60,35,Finance,15,1,0,500.0
40,20,Civil Records,8,4,0,500.0
30,30,Identity,9,0,0,500.0
27,40,Legal,13,1,0,500.0
26,30,Identity,14,1,0,500.0
80,20,Civil Records,9,0,0,500.0
65,30,Identity,11,5,1,500.0
42,25,Transport,14,0,0,500.0
22,45,Travel,11,0,0,500.0
35,25,Transport,15,0,0,500.0
69,40,Legal,13,6,1,500.0
79,45,Travel,14,2,0,500.0
29,25,Transport,11,6,1,464.65352933899106
52,20,Civil Records,17,1,0,500.0
50,25,Transport,13,1,0,500.0
64,20,Civil Records,17,5,1,500.0
55,20,Civil Records,10,3,0,500.0
72,35,Finance,9,2,0,500.0
48,20,Civil Records,13,6,1,500.0
16,25,Transport,17,3,0,390.55808601226397
53,45,Travel,11,2,0,500.0
12,35,Finance,14,5,1,444.7235035129911
63,35,Finance,12,3,0,500.0
26,45,Travel,14,3,0,500.0
48,30,Identity,10,0,0,500.0
43,35,Finance,10,0,0,500.0
2,45,Travel,8,2,0,81.85422088119472
15,20,Civil Records,13,3,0,340.76591829986086
29,40,Legal,9,3,0,500.0
36,45,Travel,16,4,0,500.0
2,25,Transport,13,1,0,79.76213445153387
38,30,Identity,13,0,0,500.0
33,45,Travel,11,5,1,500.0
34,35,Finance,13,6,1,500.0
31,40,Legal,13,0,0,500.0
43,35,Finance,12,3,0,500.0
40,40,Legal,16,4,0,500.0
36,30,Identity,16,5,1,500.0
73,45,Travel,11,5,1,500.0
31,40,Legal,15,4,0,500.0
16,45,Travel,15,0,0,500.0
10,20,Civil Records,10,5,1,156.76978581115998
30,40,Legal,13,4,0,500.0
29,25,Transport,12,2,0,500.0
79,30,Identity,17,5,1,500.0
29,35,Finance,10,4,0,500.0
36,35,Finance,15,6,1,500.0
74,30,Identity,15,3,0,500.0
39,25,Transport,16,4,0,500.0
49,40,Legal,14,1,0,500.0
40,45,Travel,11,4,0,500.0
36,45,Travel,16,4,0,500.0
69,40,Legal,16,1,0,500.0
28,40,Legal,10,1,0,500.0
24,25,Transport,15,4,0,500.0
9,30,Identity,11,6,1,272.9452845512032
7,25,Transport,11,2,0,177.23483979094797
31,30,Identity,13,1,0,500.0
14,35,Finance,15,0,0,500.0
47,35,Finance,17,1,0,500.0
32,40,Legal,17,6,1,500.0
2,30,Identity,16,5,1,62.705490464328804
28,35,Finance,11,6,1,500.0
5,20,Civil Records,15,0,0,104.43347324413803
70,45,Travel,9,4,0,500.0
22,30,Identity,8,1,0,500.0
45,40,Legal,10,0,0,500.0
32,40,Legal,17,4,0,500.0
11,35,Finance,17,4,0,500.0
42,45,Travel,10,1,0,500.0
40,25,Transport,10,3,0,500.0
78,40,Legal,15,4,0,500.0
68,30,Identity,16,1,0,500.0
31,20,Civil Records,9,6,1,500.0
77,25,Transport,17,3,0,500.0
53,40,Legal,10,4,0,500.0
58,40,Legal,13,4,0,500.0
7,20,Civil Records,14,3,0,230.22424108067779
72,30,Identity,16,1,0,500.0
38,25,Transport,13,6,1,500.0
56,40,Legal,16,0,0,500.0
63,45,Travel,14,2,0,500.0
76,45,Travel,14,6,1,500.0
58,35,Finance,11,4,0,500.0
29,20,Civil Records,12,0,0,500.0
10,30,Identity,14,3,0,470.2536152185628
79,40,Legal,12,5,1,500.0
44,25,Transport,13,4,0,500.0
61,35,Finance,11,1,0,500.0
29,45,Travel,16,3,0,500.0
35,40,Legal,8,0,0,500.0
22,30,Identity,13,5,1,500.0
7,40,Legal,13,4,0,438.49163924865974
31,20,Civil Records,8,0,0,500.0
34,20,Civil Records,15,6,1,434.265871479522
69,35,Finance,16,5,1,500.0
24,30,Identity,14,4,0,500.0
4,30,Identity,15,0,0,148.97370841906633
77,20,Civil Records,13,4,0,500.0
74,20,Civil Records,14,2,0,500.0
31,35,Finance,14,6,1,500.0
20,45,Travel,11,4,0,500.0
8,30,Identity,13,0,0,239.72065985913144
9,40,Legal,8,1,0,312.21014460733915
25,40,Legal,17,1,0,500.0
72,20,Civil Records,11,6,1,500.0
45,20,Civil Records,10,1,0,500.0
31,25,Transport,16,3,0,500.0
63,25,Transport,9,4,0,500.0
40,30,Identity,12,4,0,500.0
43,30,Identity,12,3,0,500.0
32,25,Transport,13,2,0,500.0
73,45,Travel,12,0,0,500.0
32,30,Identity,8,0,0,500.0
44,35,Finance,10,6,1,500.0
58,40,Legal,10,4,0,500.0
54,30,Identity,9,1,0,500.0
17,45,Travel,15,4,0,500.0
29,40,Legal,11,4,0,500.0
49,40,Legal,11,4,0,500.0
52,20,Civil Records,15,3,0,500.0
76,20,Civil Records,8,4,0,500.0
43,30,Identity,11,0,0,500.0
59,20,Civil Records,10,0,0,500.0
32,40,Legal,8,1,0,500.0
4,20,Civil Records,13,4,0,109.6431263173171
74,45,Travel,15,5,1,500.0
29,25,Transport,11,5,1,500.0
8,35,Finance,15,0,0,269.25472687816574
15,30,Identity,17,0,0,384.98728875009203
42,20,Civil Records,16,4,0,500.0
2,35,Finance,10,6,1,60.27092088828983
7,40,Legal,14,3,0,311.5787491145451
46,45,Travel,12,6,1,500.0
1,30,Identity,15,3,0,29.095353630018256
0,40,Legal,15,6,1,1.0
5,45,Travel,11,0,0,180.08902454555493
69,45,Travel,14,4,0,500.0
74,30,Identity,13,2,0,500.0
39,45,Travel,15,0,0,500.0
37,30,Identity,17,6,1,500.0
40,35,Finance,8,4,0,500.0
1,25,Transport,8,6,1,13.968629198022525
13,20,Civil Records,17,1,0,285.8919120447963
30,20,Civil Records,12,1,0,500.0
56,25,Transport,17,0,0,500.0
2,45,Travel,14,1,0,146.67533856074112
80,35,Finance,15,4,0,500.0
6,20,Civil Records,9,0,0,108.72734496151993
44,45,Travel,17,0,0,500.0
77,30,Identity,9,1,0,500.0
22,35,Finance,12,3,0,500.0
75,40,Legal,15,0,0,500.0
59,20,Civil Records,14,1,0,500.0
13,20,Civil Records,9,4,0,211.6600033602449
80,30,Identity,9,2,0,500.0
77,25,Transport,16,6,1,500.0
45,45,Travel,12,3,0,500.0
60,40,Legal,16,3,0,500.0
11,40,Legal,13,0,0,500.0
8,20,Civil Records,9,2,0,117.93555130672497
12,35,Finance,15,1,0,500.0
60,45,Travel,11,4,0,500.0
3,25,Transport,8,2,0,69.54215570685622
64,40,Legal,9,3,0,500.0
37,25,Transport,9,0,0,500.0
18,20,Civil Records,16,1,0,397.47171169589626
73,20,Civil Records,17,0,0,500.0
45,30,Identity,12,6,1,500.0
1,25,Transport,10,6,1,18.69933773046085
5,25,Transport,10,3,0,181.13167653158106
5,35,Finance,16,3,0,206.73400236214135
18,40,Legal,13,2,0,500.0
40,45,Travel,9,4,0,500.0
38,30,Identity,12,1,0,500.0
42,20,Civil Records,17,4,0,500.0
26,35,Finance,13,3,0,500.0
0,30,Identity,17,5,1,1.0
37,40,Legal,16,0,0,500.0
8,30,Identity,12,1,0,468.2638977877475
38,40,Legal,8,4,0,500.0
40,25,Transport,17,2,0,500.0
62,35,Finance,9,2,0,500.0
71,20,Civil Records,16,6,1,500.0
9,30,Identity,13,6,1,379.4153333695925
18,25,Transport,13,4,0,500.0
45,30,Identity,10,3,0,500.0
32,45,Travel,16,5,1,500.0
12,30,Identity,13,5,1,423.97116491656016
22,25,Transport,13,0,0,500.0
12,35,Finance,9,4,0,371.5291916244563
79,35,Finance,10,6,1,500.0
37,20,Civil Records,15,5,1,500.0
18,40,Legal,13,3,0,500.0
66,30,Identity,16,0,0,500.0
11,35,Finance,12,5,1,500.0
0,25,Transport,17,0,0,1.0
46,35,Finance,16,1,0,500.0
27,45,Travel,10,5,1,500.0
18,30,Identity,17,5,1,497.29283734455964
12,20,Civil Records,15,0,0,337.66767114658285
13,25,Transport,9,1,0,219.99258923230178
25,30,Identity,17,6,1,500.0
62,35,Finance,12,0,0,500.0
42,25,Transport,12,6,1,500.0
15,40,Legal,12,2,0,500.0
70,20,Civil Records,14,1,0,500.0
52,45,Travel,16,4,0,500.0
30,40,Legal,15,6,1,500.0
11,20,Civil Records,9,2,0,172.84263185921387
29,45,Travel,10,5,1,500.0
22,25,Transport,16,0,0,500.0
19,45,Travel,12,6,1,500.0
49,30,Identity,8,5,1,500.0
36,45,Travel,11,1,0,500.0
32,40,Legal,12,2,0,500.0
10,35,Finance,11,2,0,448.9645003705514
60,35,Finance,10,5,1,500.0
75,30,Identity,8,1,0,500.0
28,30,Identity,17,5,1,500.0
36,30,Identity,12,2,0,500.0
9,40,Legal,15,1,0,316.3327326142068
80,40,Legal,13,4,0,500.0
70,30,Identity,9,2,0,500.0
0,40,Legal,10,0,0,1.0
69,20,Civil Records,9,2,0,500.0
70,25,Transport,16,3,0,500.0
50,20,Civil Records,12,3,0,500.0
78,35,Finance,10,6,1,500.0
45,25,Transport,14,2,0,500.0
80,30,Identity,16,5,1,500.0
55,30,Identity,14,3,0,500.0
74,35,Finance,10,2,0,500.0
73,35,Finance,9,6,1,500.0
62,25,Transport,16,3,0,500.0
75,45,Travel,16,4,0,500.0
29,35,Finance,15,0,0,500.0
26,25,Transport,13,1,0,500.0
60,45,Travel,11,4,0,500.0
51,20,Civil Records,16,2,0,500.0
44,40,Legal,8,2,0,500.0
78,40,Legal,9,1,0,500.0
55,40,Legal,10,3,0,500.0
26,30,Identity,14,4,0,500.0
1,45,Travel,16,2,0,58.35398456300958
28,40,Legal,10,2,0,500.0
49,40,Legal,14,2,0,500.0
32,30,Identity,13,1,0,500.0
55,40,Legal,9,5,1,500.0
36,25,Transport,12,0,0,500.0
15,35,Finance,10,1,0,500.0
52,25,Transport,12,2,0,500.0
61,30,Identity,13,2,0,500.0
19,35,Finance,11,3,0,500.0
5,35,Finance,17,1,0,211.39038969516935
43,25,Transport,8,3,0,500.0
5,35,Finance,16,3,0,159.10836449367423
35,30,Identity,10,5,1,500.0
53,20,Civil Records,14,0,0,500.0
8,45,Travel,10,6,1,376.3468253127606
34,35,Finance,13,4,0,500.0
62,30,Identity,12,0,0,500.0
4,20,Civil Records,15,0,0,102.86079116094152
38,40,Legal,8,1,0,500.0
18,40,Legal,11,3,0,500.0
79,35,Finance,9,5,1,500.0
43,45,Travel,14,4,0,500.0
21,30,Identity,15,1,0,500.0
80,25,Transport,10,6,1,500.0
26,45,Travel,10,6,1,500.0
73,25,Transport,9,3,0,500.0
47,30,Identity,16,3,0,500.0
12,40,Legal,8,2,0,405.1247855920981
37,40,Legal,12,6,1,500.0
16,40,Legal,13,5,1,500.0
57,20,Civil Records,9,5,1,500.0
20,40,Legal,9,1,0,500.0
25,45,Travel,17,3,0,500.0
15,30,Identity,17,3,0,500.0
23,45,Travel,10,5,1,500.0
52,45,Travel,10,1,0,500.0
37,40,Legal,8,1,0,500.0
2,45,Travel,15,1,0,134.4718753573011
12,45,Travel,9,5,1,339.10800275201234
24,25,Transport,14,3,0,500.0
73,30,Identity,8,4,0,500.0
5,40,Legal,10,2,0,181.36754570910884
8,35,Finance,14,5,1,281.3958994640837
31,35,Finance,13,2,0,500.0
55,35,Finance,9,0,0,500.0
10,40,Legal,15,1,0,500.0
15,20,Civil Records,17,1,0,399.8085061556237
39,20,Civil Records,16,0,0,500.0
18,30,Identity,11,2,0,443.9970374933545
54,25,Transport,17,2,0,500.0
12,40,Legal,8,1,0,450.72451265719775
20,45,Travel,12,6,1,500.0
10,45,Travel,12,5,1,500.0
66,35,Finance,17,1,0,500.0
48,40,Legal,11,4,0,500.0
71,45,Travel,10,2,0,500.0
40,45,Travel,14,0,0,500.0
44,25,Transport,12,2,0,500.0
60,30,Identity,12,5,1,500.0
7,40,Legal,9,6,1,173.28897199361066
22,35,Finance,8,0,0,500.0
55,35,Finance,15,5,1,500.0
29,35,Finance,16,0,0,500.0
23,25,Transport,12,5,1,500.0
14,45,Travel,13,0,0,500.0
58,30,Identity,13,2,0,500.0
55,40,Legal,13,0,0,500.0
10,20,Civil Records,15,6,1,211.88910360606755
79,35,Finance,17,6,1,500.0
11,40,Legal,8,1,0,320.9965995958429
63,25,Transport,16,0,0,500.0
39,25,Transport,11,0,0,500.0
66,35,Finance,12,6,1,500.0
36,35,Finance,17,0,0,500.0
9,35,Finance,10,0,0,355.49537552706965
5,40,Legal,8,5,1,138.55966223998928
51,40,Legal,15,3,0,500.0
63,35,Finance,17,4,0,500.0
15,40,Legal,15,0,0,500.0
33,25,Transport,11,5,1,500.0
13,30,Identity,10,5,1,388.18742361281915
7,35,Finance,16,2,0,314.7768254092036
71,30,Identity,16,2,0,500.0
72,35,Finance,13,1,0,500.0
65,35,Finance,9,6,1,500.0
55,20,Civil Records,15,4,0,500.0
42,40,Legal,17,0,0,500.0
58,40,Legal,14,4,0,500.0
25,45,Travel,12,0,0,500.0
4,45,Travel,9,0,0,152.4210577031678
11,40,Legal,13,1,0,500.0
27,20,Civil Records,9,5,1,336.92737026804383
43,25,Transport,14,0,0,500.0
63,20,Civil Records,9,4,0,500.0
33,20,Civil Records,14,3,0,500.0
47,35,Finance,9,1,0,500.0
35,30,Identity,16,4,0,500.0
46,45,Travel,13,5,1,500.0
80,40,Legal,13,2,0,500.0
67,35,Finance,14,0,0,500.0
78,20,Civil Records,8,4,0,500.0
36,35,Finance,12,1,0,500.0
42,20,Civil Records,11,1,0,500.0
3,35,Finance,9,0,0,72.57583429755572
10,25,Transport,16,5,1,229.14383038902506
16,40,Legal,14,6,1,500.0
12,35,Finance,13,6,1,390.3126332026066
4,25,Transport,16,0,0,116.86503799930792
59,35,Finance,15,3,0,500.0
66,30,Identity,16,0,0,500.0
14,25,Transport,8,3,0,226.09439834028439
46,30,Identity,15,1,0,500.0
58,25,Transport,12,1,0,500.0
58,45,Travel,8,3,0,500.0
18,40,Legal,15,3,0,500.0
29,45,Travel,14,3,0,500.0
35,20,Civil Records,8,3,0,500.0
45,40,Legal,17,5,1,500.0
49,35,Finance,9,2,0,500.0
52,25,Transport,12,2,0,500.0
68,35,Finance,8,2,0,500.0
77,40,Legal,8,0,0,500.0
69,20,Civil Records,10,4,0,500.0
14,45,Travel,15,4,0,500.0
24,40,Legal,11,1,0,500.0
30,45,Travel,12,3,0,500.0
27,20,Civil Records,17,6,1,500.0
4,25,Transport,16,6,1,118.48664269876794
75,30,Identity,16,3,0,500.0
36,40,Legal,11,0,0,500.0
74,45,Travel,17,3,0,500.0
45,35,Finance,16,0,0,500.0
75,25,Transport,12,3,0,500.0
28,45,Travel,9,1,0,500.0
57,20,Civil Records,14,2,0,500.0
30,35,Finance,9,3,0,500.0
10,35,Finance,17,4,0,310.5494608076997
16,40,Legal,10,3,0,500.0
27,30,Identity,8,6,1,347.92079674868154
33,45,Travel,17,0,0,500.0
77,20,Civil Records,14,0,0,500.0
64,25,Transport,16,5,1,500.0
27,40,Legal,12,6,1,500.0
1,25,Transport,10,2,0,21.624560721112545
10,30,Identity,15,3,0,337.23743551016884
79,20,Civil Records,8,5,1,500.0
50,30,Identity,8,0,0,500.0
75,30,Identity,12,3,0,500.0
31,25,Transport,9,0,0,500.0
12,20,Civil Records,17,4,0,228.70807065578225
44,30,Identity,13,3,0,500.0
40,35,Finance,15,5,1,500.0
65,25,Transport,11,3,0,500.0
63,20,Civil Records,9,6,1,500.0
60,45,Travel,10,3,0,500.0
74,30,Identity,8,4,0,500.0
39,40,Legal,8,1,0,500.0
15,35,Finance,16,1,0,500.0
74,30,Identity,11,2,0,500.0
35,30,Identity,16,4,0,500.0
34,45,Travel,14,2,0,500.0
61,30,Identity,16,2,0,500.0
25,30,Identity,15,0,0,500.0
70,30,Identity,15,3,0,500.0
71,25,Transport,13,2,0,500.0
11,45,Travel,13,1,0,500.0
10,35,Finance,8,2,0,281.8537909295671
10,25,Transport,15,6,1,249.50974757907994
64,30,Identity,15,5,1,500.0
17,35,Finance,9,5,1,500.0
6,30,Identity,11,1,0,212.62292492377705
49,40,Legal,14,2,0,500.0
71,45,Travel,11,6,1,500.0
73,30,Identity,17,2,0,500.0
50,25,Transport,17,2,0,500.0
72,30,Identity,9,2,0,500.0
26,20,Civil Records,9,1,0,480.3540022456447
30,20,Civil Records,13,5,1,500.0
49,35,Finance,9,5,1,500.0
1,25,Transport,16,6,1,22.684888256422944
66,25,Transport,15,3,0,500.0
5,30,Identity,11,5,1,102.02273820517719
35,40,Legal,13,6,1,500.0
31,45,Travel,8,6,1,500.0
20,25,Transport,16,4,0,500.0
54,45,Travel,14,2,0,500.0
35,45,Travel,12,5,1,500.0
78,25,Transport,14,2,0,500.0
5,35,Finance,17,4,0,184.52762762189192
34,30,Identity,9,6,1,500.0
79,45,Travel,10,4,0,500.0
71,30,Identity,10,4,0,500.0
38,20,Civil Records,14,1,0,500.0
61,25,Transport,15,3,0,500.0
14,35,Finance,8,4,0,500.0
62,25,Transport,11,2,0,500.0
28,45,Travel,8,1,0,500.0
21,40,Legal,8,6,1,500.0
18,20,Civil Records,8,1,0,358.6086955762876
38,35,Finance,17,6,1,500.0
9,35,Finance,13,0,0,416.7164119705633
24,25,Transport,14,4,0,500.0
54,25,Transport,15,1,0,500.0
33,20,Civil Records,13,3,0,500.0
43,20,Civil Records,15,3,0,500.0
62,30,Identity,12,1,0,500.0
62,30,Identity,8,3,0,500.0
20,20,Civil Records,14,4,0,444.2128664728639
20,45,Travel,8,4,0,500.0
29,40,Legal,8,0,0,500.0
38,20,Civil Records,9,6,1,500.0
57,20,Civil Records,11,1,0,500.0
70,45,Travel,12,2,0,500.0
44,40,Legal,12,4,0,500.0
0,20,Civil Records,13,1,0,1.0
16,20,Civil Records,8,6,1,183.83951249386553
18,45,Travel,12,0,0,500.0
74,35,Finance,9,4,0,500.0
47,20,Civil Records,9,5,1,441.48331958023607
12,35,Finance,10,5,1,379.36653526980115
13,35,Finance,8,4,0,419.988292159575
52,40,Legal,17,6,1,500.0
62,40,Legal,10,1,0,500.0
31,45,Travel,13,6,1,500.0
79,20,Civil Records,10,3,0,500.0
34,35,Finance,13,1,0,500.0
71,20,Civil Records,10,2,0,500.0
6,30,Identity,15,2,0,217.686396355593
5,35,Finance,15,4,0,223.26211567688645
5,45,Travel,10,6,1,152.78335021510358
0,25,Transport,17,2,0,1.0
8,35,Finance,15,4,0,299.0064551891823
26,20,Civil Records,9,0,0,401.87224406395535
76,30,Identity,15,3,0,500.0
73,25,Transport,8,5,1,500.0
6,40,Legal,8,6,1,166.05455300831096
78,30,Identity,12,2,0,500.0
70,30,Identity,12,2,0,500.0
76,20,Civil Records,17,3,0,500.0
42,25,Transport,8,5,1,500.0
33,30,Identity,10,2,0,500.0
66,35,Finance,9,0,0,500.0
36,25,Transport,15,5,1,500.0
11,25,Transport,13,1,0,470.42107609263473
48,35,Finance,9,4,0,500.0
63,45,Travel,9,6,1,500.0
21,35,Finance,17,6,1,500.0
2,25,Transport,9,1,0,33.7486931707187
54,30,Identity,16,6,1,500.0
68,40,Legal,12,0,0,500.0
74,45,Travel,16,6,1,500.0
24,35,Finance,8,1,0,500.0
62,25,Transport,17,6,1,500.0
59,20,Civil Records,10,6,1,500.0
76,20,Civil Records,9,3,0,500.0
72,40,Legal,13,2,0,500.0
23,40,Legal,15,5,1,500.0
32,30,Identity,16,6,1,500.0
56,25,Transport,13,0,0,500.0
8,30,Identity,10,5,1,228.79571783095167
10,20,Civil Records,10,1,0,186.057686062701
44,45,Travel,15,0,0,500.0
41,30,Identity,14,3,0,500.0
36,25,Transport,15,2,0,500.0
44,45,Travel,8,6,1,500.0
44,45,Travel,11,0,0,500.0
40,25,Transport,9,5,1,500.0
26,20,Civil Records,12,0,0,498.98713537007745
12,45,Travel,8,6,1,322.62250490502214
80,45,Travel,14,6,1,500.0
11,40,Legal,10,4,0,500.0
17,25,Transport,15,0,0,500.0
17,30,Identity,17,2,0,417.3503285088549
57,40,Legal,10,4,0,500.0
75,35,Finance,15,0,0,500.0
58,45,Travel,9,0,0,500.0
19,35,Finance,8,1,0,500.0
34,40,Legal,12,3,0,500.0
57,40,Legal,17,2,0,500.0
48,25,Transport,12,0,0,500.0
14,35,Finance,11,5,1,500.0
46,30,Identity,10,3,0,500.0
23,25,Transport,16,4,0,500.0
64,40,Legal,13,1,0,500.0
4,25,Transport,10,6,1,68.0154153543536
64,45,Travel,9,6,1,500.0
4,35,Finance,11,2,0,131.70039957073695
35,35,Finance,12,2,0,500.0
79,20,Civil Records,8,5,1,500.0
79,45,Travel,10,5,1,500.0
63,20,Civil Records,13,2,0,500.0
59,25,Transport,10,6,1,500.0
72,20,Civil Records,13,1,0,500.0
3,45,Travel,17,4,0,201.6728431977703
39,20,Civil Records,8,4,0,500.0
19,20,Civil Records,12,3,0,500.0
58,45,Travel,10,3,0,500.0
65,35,Finance,12,6,1,500.0
75,45,Travel,17,5,1,500.0
56,20,Civil Records,14,1,0,500.0
24,30,Identity,13,0,0,500.0
29,20,Civil Records,11,6,1,500.0
30,20,Civil Records,14,0,0,500.0
40,40,Legal,17,1,0,500.0
43,20,Civil Records,9,2,0,500.0
74,20,Civil Records,15,4,0,500.0
15,25,Transport,12,1,0,445.68566668068337
11,25,Transport,10,0,0,331.8155847207605
13,40,Legal,9,6,1,256.92997754841053
3,20,Civil Records,11,3,0,69.56963376628858
27,30,Identity,11,6,1,453.402442929123
6,40,Legal,17,4,0,335.6240063785318
62,45,Travel,10,3,0,500.0
56,35,Finance,12,6,1,500.0
20,45,Travel,9,3,0,500.0
37,45,Travel,13,4,0,500.0
8,45,Travel,13,1,0,500.0
78,30,Identity,9,6,1,500.0
19,25,Transport,11,4,0,500.0
21,40,Legal,12,0,0,500.0
40,25,Transport,8,5,1,500.0
19,40,Legal,16,2,0,500.0
39,40,Legal,17,6,1,500.0
59,35,Finance,9,6,1,500.0
35,35,Finance,11,0,0,500.0
52,25,Transport,9,2,0,500.0
18,20,Civil Records,8,0,0,376.76177283715714
27,30,Identity,8,5,1,500.0
58,45,Travel,10,3,0,500.0
59,40,Legal,17,5,1,500.0
49,30,Identity,10,2,0,500.0
45,20,Civil Records,12,5,1,500.0
72,45,Travel,15,4,0,500.0
19,40,Legal,11,6,1,428.7648891156135
26,35,Finance,8,6,1,500.0
39,40,Legal,12,5,1,500.0
57,20,Civil Records,8,6,1,500.0
27,30,Identity,9,4,0,500.0
59,45,Travel,16,1,0,500.0
36,25,Transport,10,2,0,500.0
66,40,Legal,15,1,0,500.0
38,20,Civil Records,14,5,1,500.0
63,20,Civil Records,12,4,0,500.0
31,35,Finance,15,1,0,500.0
2,25,Transport,14,5,1,67.10369137028907
80,45,Travel,9,2,0,500.0
79,40,Legal,16,0,0,500.0
6,45,Travel,15,0,0,399.1028977625923
54,40,Legal,15,5,1,500.0
78,20,Civil Records,13,0,0,500.0
48,35,Finance,17,5,1,500.0
12,20,Civil Records,13,2,0,257.2344925958659
74,20,Civil Records,8,3,0,500.0
57,35,Finance,16,5,1,500.0
37,30,Identity,14,2,0,500.0
10,45,Travel,14,2,0,500.0
56,30,Identity,15,3,0,500.0
38,35,Finance,17,4,0,500.0
29,30,Identity,16,0,0,500.0
43,20,Civil Records,11,2,0,500.0
77,25,Transport,14,6,1,500.0
57,25,Transport,12,4,0,500.0
27,30,Identity,9,2,0,500.0
50,20,Civil Records,8,1,0,500.0
66,30,Identity,11,4,0,500.0
80,20,Civil Records,10,1,0,500.0
61,20,Civil Records,13,3,0,500.0
67,45,Travel,13,2,0,500.0
32,25,Transport,9,5,1,500.0
46,30,Identity,14,1,0,500.0
8,30,Identity,15,3,0,313.93159406194155
58,45,Travel,13,0,0,500.0
23,40,Legal,10,1,0,500.0
11,45,Travel,9,2,0,437.7458008814494
24,40,Legal,14,4,0,500.0
7,40,Legal,11,1,0,369.74078007590725
62,35,Finance,17,4,0,500.0
11,40,Legal,8,3,0,294.0216688341291
77,35,Finance,12,4,0,500.0
53,35,Finance,15,2,0,500.0
39,20,Civil Records,13,2,0,500.0
23,25,Transport,15,2,0,500.0
71,35,Finance,13,6,1,500.0
54,25,Transport,17,1,0,500.0
58,30,Identity,14,3,0,500.0
22,30,Identity,16,2,0,500.0
24,25,Transport,12,5,1,500.0
67,20,Civil Records,13,4,0,500.0
43,20,Civil Records,16,0,0,500.0
30,30,Identity,11,5,1,500.0
52,20,Civil Records,8,3,0,500.0
72,40,Legal,13,0,0,500.0
18,30,Identity,12,3,0,500.0
50,40,Legal,11,1,0,500.0
62,30,Identity,10,1,0,500.0
25,40,Legal,17,2,0,500.0
34,45,Travel,14,6,1,500.0
32,45,Travel,10,3,0,500.0
22,40,Legal,10,1,0,500.0
75,30,Identity,16,2,0,500.0
30,20,Civil Records,14,2,0,500.0
78,30,Identity,13,2,0,500.0
17,20,Civil Records,15,1,0,500.0
17,45,Travel,10,2,0,500.0
76,30,Identity,15,1,0,500.0
33,35,Finance,10,4,0,500.0
68,45,Travel,17,0,0,500.0
0,45,Travel,11,1,0,1.0
73,30,Identity,15,1,0,500.0
31,25,Transport,15,0,0,500.0
74,45,Travel,17,6,1,500.0
24,35,Finance,9,4,0,500.0
72,40,Legal,15,5,1,500.0
24,25,Transport,15,0,0,500.0
33,30,Identity,16,4,0,500.0
76,30,Identity,12,1,0,500.0
75,40,Legal,10,4,0,500.0
0,45,Travel,14,1,0,1.0
41,40,Legal,15,1,0,500.0
54,35,Finance,9,1,0,500.0
13,20,Civil Records,12,0,0,315.7106073073393
29,25,Transport,14,4,0,500.0
11,45,Travel,16,6,1,364.19774747864903
33,40,Legal,16,0,0,500.0
18,30,Identity,14,2,0,500.0
10,35,Finance,9,3,0,235.34331553905963
36,45,Travel,13,6,1,500.0
23,40,Legal,14,0,0,500.0
38,30,Identity,15,2,0,500.0
61,40,Legal,8,5,1,500.0
80,35,Finance,16,1,0,500.0
71,30,Identity,16,3,0,500.0
44,45,Travel,10,4,0,500.0
33,45,Travel,8,5,1,500.0
9,30,Identity,11,6,1,218.61138787298475
46,30,Identity,15,1,0,500.0
48,45,Travel,16,3,0,500.0
54,30,Identity,16,2,0,500.0
18,25,Transport,11,0,0,477.87895044168545
61,45,Travel,17,4,0,500.0
64,35,Finance,16,6,1,500.0
76,25,Transport,17,2,0,500.0
67,20,Civil Records,17,6,1,500.0
14,25,Transport,13,2,0,500.0
51,30,Identity,12,0,0,500.0
3,40,Legal,16,1,0,181.1195215154542
4,30,Identity,11,3,0,87.93272039946774
35,30,Identity,17,5,1,500.0
65,40,Legal,8,5,1,500.0
41,25,Transport,10,3,0,500.0
34,30,Identity,14,5,1,500.0
53,35,Finance,12,3,0,500.0
18,25,Transport,15,5,1,434.193808191951
15,30,Identity,14,0,0,500.0
53,25,Transport,15,4,0,500.0
17,25,Transport,9,4,0,365.1130712523535
20,20,Civil Records,15,1,0,477.4282006352563
2,30,Identity,11,4,0,71.1279460243289
31,20,Civil Records,17,6,1,467.60226210757315
77,30,Identity,14,6,1,500.0
62,45,Travel,9,2,0,500.0
46,20,Civil Records,9,5,1,500.0
79,30,Identity,14,0,0,500.0
51,40,Legal,11,1,0,500.0
76,45,Travel,9,2,0,500.0
15,20,Civil Records,8,0,0,213.8297401951359
23,25,Transport,16,2,0,500.0
38,30,Identity,11,6,1,500.0
78,40,Legal,14,3,0,500.0
51,30,Identity,11,5,1,500.0
60,45,Travel,12,5,1,500.0
46,40,Legal,11,6,1,500.0
30,40,Legal,15,0,0,500.0
69,45,Travel,10,6,1,500.0
69,35,Finance,16,0,0,500.0
68,25,Transport,9,3,0,500.0
73,25,Transport,16,2,0,500.0
41,45,Travel,15,2,0,500.0
55,45,Travel,17,3,0,500.0
45,40,Legal,16,3,0,500.0
42,30,Identity,10,6,1,500.0
3,25,Transport,16,5,1,90.45595895063748
59,30,Identity,16,1,0,500.0
39,20,Civil Records,17,0,0,500.0
61,45,Travel,12,4,0,500.0
33,35,Finance,17,3,0,500.0
50,20,Civil Records,14,5,1,500.0
64,30,Identity,12,1,0,500.0
66,25,Transport,11,1,0,500.0
52,20,Civil Records,8,3,0,500.0
53,35,Finance,13,2,0,500.0
7,25,Transport,10,0,0,201.39327437208175
50,40,Legal,13,3,0,500.0
19,35,Finance,15,1,0,500.0
19,45,Travel,11,5,1,500.0
52,25,Transport,13,0,0,500.0
38,30,Identity,14,5,1,500.0
78,45,Travel,15,0,0,500.0
70,35,Finance,11,2,0,500.0
49,45,Travel,14,6,1,500.0
68,30,Identity,17,4,0,500.0
78,35,Finance,17,1,0,500.0
63,45,Travel,11,3,0,500.0
52,35,Finance,9,4,0,500.0
58,35,Finance,8,6,1,500.0
50,35,Finance,11,0,0,500.0
21,40,Legal,11,3,0,500.0
73,25,Transport,17,6,1,500.0
46,45,Travel,14,0,0,500.0
26,25,Transport,8,1,0,500.0
69,30,Identity,11,6,1,500.0
52,35,Finance,11,0,0,500.0
0,25,Transport,8,3,0,1.0
2,20,Civil Records,11,3,0,25.503261810273383
46,45,Travel,13,5,1,500.0
25,30,Identity,9,5,1,473.5955152061747
28,35,Finance,9,0,0,500.0
37,25,Transport,9,6,1,500.0
23,30,Identity,13,5,1,500.0
18,35,Finance,8,0,0,477.85016157976764
40,30,Identity,15,6,1,500.0
5,30,Identity,16,3,0,250.66414542628067
5,20,Civil Records,14,3,0,189.5385130319425
52,25,Transport,11,1,0,500.0
16,20,Civil Records,10,1,0,383.45440689815666
38,40,Legal,17,0,0,500.0
25,45,Travel,15,4,0,500.0
7,20,Civil Records,17,4,0,148.49057480488142
78,40,Legal,10,4,0,500.0
29,20,Civil Records,9,4,0,413.75401094961194
21,35,Finance,14,6,1,500.0
37,25,Transport,15,1,0,500.0
50,45,Travel,9,4,0,500.0
79,40,Legal,11,1,0,500.0
48,40,Legal,14,2,0,500.0
38,40,Legal,14,4,0,500.0
18,45,Travel,16,0,0,500.0
28,20,Civil Records,11,5,1,495.3485137825778
35,20,Civil Records,9,1,0,500.0
66,35,Finance,14,2,0,500.0
27,20,Civil Records,14,2,0,500.0
13,20,Civil Records,12,3,0,500.0
50,30,Identity,10,1,0,500.0
58,25,Transport,14,0,0,500.0
15,20,Civil Records,15,0,0,478.2670132004272
1,20,Civil Records,12,4,0,20.820365086412284
36,40,Legal,9,0,0,500.0
14,35,Finance,13,6,1,500.0
10,45,Travel,8,1,0,236.13876126918456
1,35,Finance,14,0,0,64.72370209511811
31,45,Travel,11,4,0,500.0
6,35,Finance,15,0,0,284.12330225487744
46,20,Civil Records,10,4,0,500.0
38,40,Legal,17,3,0,500.0
28,40,Legal,8,4,0,500.0
70,30,Identity,13,2,0,500.0
60,20,Civil Records,13,2,0,500.0
8,45,Travel,17,6,1,269.16630150517454
44,20,Civil Records,17,5,1,500.0
10,30,Identity,16,3,0,398.6792776088453
24,20,Civil Records,8,0,0,462.6638207450698
5,25,Transport,10,5,1,103.20662206268929
70,45,Travel,16,6,1,500.0
57,45,Travel,13,1,0,500.0
52,45,Travel,14,4,0,500.0
37,30,Identity,15,0,0,500.0
37,20,Civil Records,11,5,1,500.0
10,20,Civil Records,17,4,0,201.96663641676605
27,35,Finance,9,1,0,500.0
57,25,Transport,14,4,0,500.0
29,45,Travel,11,1,0,500.0
18,20,Civil Records,13,3,0,451.9637455408469
27,20,Civil Records,15,0,0,500.0
31,35,Finance,15,5,1,500.0
34,45,Travel,14,5,1,500.0
47,35,Finance,15,2,0,500.0
19,20,Civil Records,16,3,0,493.09960698153
9,20,Civil Records,10,5,1,173.81112142808985
44,40,Legal,11,6,1,500.0
54,35,Finance,8,2,0,500.0
60,30,Identity,13,1,0,500.0
54,40,Legal,9,5,1,500.0
12,25,Transport,14,6,1,426.50213841347556
68,45,Travel,13,6,1,500.0
38,35,Finance,13,3,0,500.0
37,30,Identity,12,6,1,500.0
80,45,Travel,10,0,0,500.0
38,40,Legal,14,3,0,500.0
38,45,Travel,10,1,0,500.0
4,30,Identity,13,1,0,145.24056844901813
10,45,Travel,15,1,0,500.0
43,30,Identity,9,4,0,500.0
78,30,Identity,15,4,0,500.0
19,30,Identity,11,5,1,425.1077946293331
33,35,Finance,13,2,0,500.0
51,35,Finance,13,2,0,500.0
67,40,Legal,13,6,1,500.0
58,45,Travel,13,1,0,500.0
43,40,Legal,11,6,1,500.0
32,30,Identity,15,6,1,500.0
42,45,Travel,12,5,1,500.0
27,40,Legal,15,6,1,500.0
73,25,Transport,16,6,1,500.0
10,40,Legal,8,1,0,290.31347654540065
72,40,Legal,11,3,0,500.0
49,25,Transport,13,6,1,500.0
12,35,Finance,12,1,0,500.0
53,45,Travel,9,2,0,500.0
13,40,Legal,16,0,0,500.0
35,35,Finance,9,2,0,500.0
64,30,Identity,10,5,1,500.0
52,45,Travel,12,6,1,500.0
64,35,Finance,11,4,0,500.0
23,30,Identity,12,4,0,500.0
71,25,Transport,11,6,1,500.0
9,35,Finance,14,4,0,467.48383707299627
80,30,Identity,13,4,0,500.0
61,45,Travel,13,5,1,500.0
15,25,Transport,13,6,1,500.0
39,45,Travel,11,0,0,500.0
23,25,Transport,9,0,0,463.9311413733257
60,40,Legal,15,6,1,500.0
57,30,Identity,9,2,0,500.0
49,25,Transport,13,5,1,500.0
76,30,Identity,17,3,0,500.0
75,30,Identity,11,2,0,500.0
10,20,Civil Records,13,1,0,378.810067142108
71,30,Identity,8,2,0,500.0
21,35,Finance,13,5,1,500.0
53,35,Finance,11,3,0,500.0
52,35,Finance,10,1,0,500.0
71,40,Legal,17,3,0,500.0
43,45,Travel,8,3,0,500.0
63,45,Travel,14,4,0,500.0
33,45,Travel,13,5,1,500.0
65,25,Transport,15,6,1,500.0
56,20,Civil Records,13,1,0,500.0
12,20,Civil Records,11,2,0,187.8019426776729
3,30,Identity,15,6,1,79.83405573396074
42,40,Legal,17,4,0,500.0
9,40,Legal,8,6,1,164.51656736144838
71,45,Travel,9,1,0,500.0
42,40,Legal,8,2,0,500.0
52,35,Finance,15,1,0,500.0
66,30,Identity,16,4,0,500.0
66,25,Transport,9,4,0,500.0
49,30,Identity,15,3,0,500.0
34,45,Travel,12,3,0,500.0
56,35,Finance,13,0,0,500.0
76,25,Transport,11,1,0,500.0
66,40,Legal,16,1,0,500.0
2,20,Civil Records,15,0,0,65.07208447282534
60,20,Civil Records,17,4,0,500.0
68,35,Finance,13,0,0,500.0
25,20,Civil Records,8,3,0,374.66870883725693
9,20,Civil Records,14,1,0,346.589892696516
13,35,Finance,8,1,0,378.3081198110181
10,35,Finance,11,4,0,392.2672097858466
16,25,Transport,14,0,0,500.0
65,40,Legal,10,4,0,500.0
71,45,Travel,13,4,0,500.0
7,35,Finance,17,3,0,248.37835434722166
16,40,Legal,10,3,0,466.8502698371179
29,25,Transport,8,5,1,487.16764302975963
57,25,Transport,10,0,0,500.0
31,30,Identity,8,3,0,500.0
7,25,Transport,11,3,0,189.714910693027
42,35,Finance,12,4,0,500.0
73,45,Travel,9,0,0,500.0
58,40,Legal,15,5,1,500.0
51,45,Travel,12,3,0,500.0
7,40,Legal,8,1,0,197.53785601996216
30,25,Transport,13,4,0,500.0
60,35,Finance,11,3,0,500.0
40,40,Legal,13,3,0,500.0
69,45,Travel,17,0,0,500.0
76,30,Identity,17,6,1,500.0
46,25,Transport,12,3,0,500.0
38,35,Finance,12,1,0,500.0
1,25,Transport,13,6,1,34.259992051973036
54,35,Finance,17,0,0,500.0
35,45,Travel,16,6,1,500.0
35,20,Civil Records,9,0,0,500.0
39,20,Civil Records,10,1,0,500.0
54,40,Legal,8,0,0,500.0
8,25,Transport,14,4,0,288.5610703219032
40,40,Legal,11,4,0,500.0
23,25,Transport,12,3,0,500.0
70,45,Travel,8,4,0,500.0
17,20,Civil Records,13,3,0,500.0
48,20,Civil Records,8,1,0,500.0
70,35,Finance,11,5,1,500.0
40,20,Civil Records,10,2,0,500.0
21,30,Identity,11,5,1,500.0
28,25,Transport,11,0,0,500.0
80,45,Travel,13,4,0,500.0
44,45,Travel,16,0,0,500.0
46,40,Legal,14,1,0,500.0
54,30,Identity,8,6,1,500.0
14,40,Legal,17,5,1,474.48330692472746
60,40,Legal,17,5,1,500.0
14,25,Transport,8,6,1,194.43100189315504
65,30,Identity,9,4,0,500.0
64,40,Legal,10,1,0,500.0
19,45,Travel,11,4,0,500.0
77,45,Travel,11,3,0,500.0
33,45,Travel,10,4,0,500.0
67,35,Finance,11,6,1,500.0
61,25,Transport,11,2,0,500.0
32,35,Finance,14,0,0,500.0
69,25,Transport,17,5,1,500.0
2,20,Civil Records,11,0,0,29.707077548326183
12,30,Identity,12,6,1,330.7495764631847
28,25,Transport,17,6,1,473.766749226382
20,25,Transport,12,5,1,500.0
80,45,Travel,13,2,0,500.0
7,45,Travel,10,3,0,363.4560407846833
15,25,Transport,11,0,0,495.44386644092214
48,30,Identity,15,5,1,500.0
5,20,Civil Records,10,2,0,104.81089338552302
23,25,Transport,11,5,1,500.0
59,40,Legal,11,5,1,500.0
79,20,Civil Records,12,2,0,500.0
12,25,Transport,17,1,0,459.0572167472877
8,20,Civil Records,8,4,0,115.01084045182591
61,35,Finance,16,3,0,500.0
28,45,Travel,8,3,0,500.0
70,25,Transport,12,5,1,500.0
70,25,Transport,11,4,0,500.0
17,45,Travel,10,3,0,500.0
41,25,Transport,16,5,1,500.0
35,40,Legal,12,5,1,500.0
8,30,Identity,8,2,0,204.30575219504675
39,30,Identity,8,2,0,500.0
56,45,Travel,9,2,0,500.0
79,35,Finance,11,6,1,500.0
42,35,Finance,16,6,1,500.0
55,20,Civil Records,11,2,0,500.0
36,40,Legal,14,2,0,500.0
47,35,Finance,13,4,0,500.0
64,25,Transport,16,1,0,500.0
20,20,Civil Records,10,3,0,435.62861484885445
66,25,Transport,14,2,0,500.0
32,45,Travel,13,2,0,500.0
53,25,Transport,11,1,0,500.0
55,30,Identity,8,1,0,500.0
74,45,Travel,12,6,1,500.0
77,20,Civil Records,15,0,0,500.0
4,20,Civil Records,9,6,1,52.22509256354308
34,40,Legal,13,0,0,500.0
0,30,Identity,14,2,0,1.0
16,35,Finance,15,1,0,500.0
14,45,Travel,12,0,0,500.0
54,30,Identity,9,5,1,500.0
54,20,Civil Records,17,5,1,500.0
16,20,Civil Records,10,6,1,225.0644267119574
66,35,Finance,9,0,0,500.0
12,25,Transport,13,6,1,328.418372697673
58,30,Identity,15,3,0,500.0
11,30,Identity,10,4,0,276.7517071619683
14,25,Transport,11,0,0,227.9023180197152
22,45,Travel,16,0,0,500.0
35,25,Transport,13,6,1,500.0
39,45,Travel,13,1,0,500.0
22,40,Legal,14,1,0,500.0
62,45,Travel,10,4,0,500.0
43,40,Legal,17,3,0,500.0
38,20,Civil Records,16,1,0,500.0
35,40,Legal,11,1,0,500.0
17,40,Legal,12,2,0,500.0
33,30,Identity,9,3,0,500.0
34,25,Transport,17,5,1,500.0
53,35,Finance,15,4,0,500.0
29,30,Identity,13,0,0,500.0
15,20,Civil Records,11,0,0,242.3571939113738
31,35,Finance,13,3,0,500.0
26,20,Civil Records,16,4,0,500.0
8,40,Legal,15,3,0,314.1983347631299
28,45,Travel,13,4,0,500.0
78,25,Transport,16,0,0,500.0
43,20,Civil Records,14,3,0,500.0
49,45,Travel,10,5,1,500.0
21,20,Civil Records,10,1,0,387.32736871893445
15,35,Finance,9,5,1,405.28479030916617
68,40,Legal,16,2,0,500.0
58,25,Transport,14,1,0,500.0
69,25,Transport,17,5,1,500.0
63,25,Transport,15,4,0,500.0
50,35,Finance,16,0,0,500.0
47,45,Travel,14,5,1,500.0
61,35,Finance,11,2,0,500.0
62,40,Legal,8,4,0,500.0
11,40,Legal,14,4,0,500.0
47,40,Legal,17,2,0,500.0
80,25,Transport,10,1,0,500.0
5,40,Legal,13,2,0,348.56034047810954
60,40,Legal,17,2,0,500.0
24,20,Civil Records,14,0,0,493.2255213345219
1,25,Transport,17,2,0,38.831896373896235
72,35,Finance,15,0,0,500.0
7,40,Legal,10,0,0,209.48729834012926
72,40,Legal,13,4,0,500.0
54,45,Travel,14,1,0,500.0
40,25,Transport,15,1,0,500.0
72,30,Identity,15,0,0,500.0
71,20,Civil Records,9,2,0,500.0
3,25,Transport,10,0,0,70.31997427360596
76,45,Travel,16,4,0,500.0
72,25,Transport,11,3,0,500.0
17,30,Identity,15,1,0,500.0
71,35,Finance,13,2,0,500.0
44,20,Civil Records,14,0,0,500.0
58,25,Transport,13,3,0,500.0
45,35,Finance,13,2,0,500.0
62,45,Travel,11,3,0,500.0
27,40,Legal,17,0,0,500.0
68,20,Civil Records,8,5,1,500.0
71,35,Finance,11,2,0,500.0
77,40,Legal,12,5,1,500.0
80,35,Finance,15,2,0,500.0
78,35,Finance,17,2,0,500.0
0,40,Legal,8,1,0,1.0
16,25,Transport,13,5,1,375.37258831063014
35,45,Travel,11,3,0,500.0
23,40,Legal,10,2,0,500.0
79,25,Transport,12,5,1,500.0
30,35,Finance,8,5,1,500.0
41,30,Identity,17,4,0,500.0
56,35,Finance,10,5,1,500.0
29,30,Identity,11,1,0,500.0
16,45,Travel,14,6,1,500.0
50,25,Transport,16,3,0,500.0
58,30,Identity,11,2,0,500.0
25,20,Civil Records,9,6,1,384.1958256077946
21,45,Travel,10,1,0,500.0
49,25,Transport,8,5,1,500.0
39,25,Transport,14,3,0,500.0
73,20,Civil Records,12,0,0,500.0
31,30,Identity,14,3,0,500.0
